subjectIx,blockId,criterion,performance,failed
0,e000,IG_accuracy,100,FALSE
0,e001,IG_accuracy,82,FALSE
0,e002,IG_accuracy,91,FALSE
0,e003,IG_accuracy,73,TRUE
0,e004,IG_accuracy,86,FALSE
0,e005,IG_accuracy,89,FALSE
0,e006,IG_accuracy,100,FALSE
0,e007,IG_accuracy,82,FALSE
0,e008,IG_accuracy,100,FALSE
0,e009,IG_accuracy,100,FALSE
0,e010,IG_accuracy,100,FALSE
0,e011,IG_accuracy,80,FALSE
0,e000,NS_accuracy,98.5,FALSE
0,e001,NS_accuracy,98.5,FALSE
0,e002,NS_accuracy,100,FALSE
0,e003,NS_accuracy,97,FALSE
0,e004,NS_accuracy,98.5,FALSE
0,e005,NS_accuracy,98.5,FALSE
0,e006,NS_accuracy,97,FALSE
0,e007,NS_accuracy,98.5,FALSE
0,e008,NS_accuracy,94.5,FALSE
0,e009,NS_accuracy,98.5,FALSE
0,e010,NS_accuracy,95,FALSE
0,e011,NS_accuracy,95,FALSE
0,e000,NS_mean_RT,664.5,TRUE
0,e001,NS_mean_RT,560,FALSE
0,e002,NS_mean_RT,593,FALSE
0,e003,NS_mean_RT,595.5,FALSE
0,e004,NS_mean_RT,587.5,FALSE
0,e005,NS_mean_RT,628,FALSE
0,e006,NS_mean_RT,597,FALSE
0,e007,NS_mean_RT,612,FALSE
0,e008,NS_mean_RT,604,FALSE
0,e009,NS_mean_RT,586.5,FALSE
0,e010,NS_mean_RT,638.5,FALSE
0,e011,NS_mean_RT,647.5,FALSE
0,e000,NS_mean_RTdiff,15.5,FALSE
0,e001,NS_mean_RTdiff,12,FALSE
0,e002,NS_mean_RTdiff,18,FALSE
0,e003,NS_mean_RTdiff,14.5,FALSE
0,e004,NS_mean_RTdiff,13,FALSE
0,e005,NS_mean_RTdiff,17,FALSE
0,e006,NS_mean_RTdiff,18.5,FALSE
0,e007,NS_mean_RTdiff,11.5,FALSE
0,e008,NS_mean_RTdiff,17.5,FALSE
0,e009,NS_mean_RTdiff,17,FALSE
0,e010,NS_mean_RTdiff,14,FALSE
0,e011,NS_mean_RTdiff,14.5,FALSE
0,e000,SB_accuracy,70,FALSE
0,e001,SB_accuracy,64,FALSE
0,e002,SB_accuracy,20,FALSE
0,e003,SB_accuracy,55,FALSE
0,e004,SB_accuracy,69,FALSE
0,e005,SB_accuracy,80,FALSE
0,e006,SB_accuracy,80,FALSE
0,e007,SB_accuracy,62,FALSE
0,e008,SB_accuracy,75,FALSE
0,e009,SB_accuracy,56,FALSE
0,e010,SB_accuracy,90,FALSE
0,e011,SB_accuracy,30,FALSE
0,e000,SL_accuracy,56,FALSE
0,e001,SL_accuracy,43,FALSE
0,e002,SL_accuracy,40,FALSE
0,e003,SL_accuracy,33,FALSE
0,e004,SL_accuracy,55,FALSE
0,e005,SL_accuracy,22,FALSE
0,e006,SL_accuracy,62,FALSE
0,e007,SL_accuracy,67,FALSE
0,e008,SL_accuracy,42,FALSE
0,e009,SL_accuracy,60,FALSE
0,e010,SL_accuracy,56,FALSE
0,e011,SL_accuracy,70,FALSE
0,e000,SR_accuracy,40,FALSE
0,e001,SR_accuracy,38,FALSE
0,e002,SR_accuracy,36,FALSE
0,e003,SR_accuracy,60,FALSE
0,e004,SR_accuracy,45,FALSE
0,e005,SR_accuracy,50,FALSE
0,e006,SR_accuracy,38,FALSE
0,e007,SR_accuracy,64,FALSE
0,e008,SR_accuracy,80,FALSE
0,e009,SR_accuracy,58,FALSE
0,e010,SR_accuracy,50,FALSE
0,e011,SR_accuracy,55,FALSE
1,e000,IG_accuracy,82,FALSE
1,e001,IG_accuracy,82,FALSE
1,e002,IG_accuracy,100,FALSE
1,e003,IG_accuracy,91,FALSE
1,e004,IG_accuracy,100,FALSE
1,e005,IG_accuracy,100,FALSE
1,e006,IG_accuracy,100,FALSE
1,e007,IG_accuracy,100,FALSE
1,e008,IG_accuracy,92,FALSE
1,e009,IG_accuracy,100,FALSE
1,e010,IG_accuracy,100,FALSE
1,e011,IG_accuracy,100,FALSE
1,e000,NS_accuracy,98.5,FALSE
1,e001,NS_accuracy,100,FALSE
1,e002,NS_accuracy,97,FALSE
1,e003,NS_accuracy,100,FALSE
1,e004,NS_accuracy,100,FALSE
1,e005,NS_accuracy,90.5,FALSE
1,e006,NS_accuracy,100,FALSE
1,e007,NS_accuracy,98.5,FALSE
1,e008,NS_accuracy,100,FALSE
1,e009,NS_accuracy,98.5,FALSE
1,e010,NS_accuracy,100,FALSE
1,e011,NS_accuracy,98.5,FALSE
1,e000,NS_mean_RT,607.5,FALSE
1,e001,NS_mean_RT,612,FALSE
1,e002,NS_mean_RT,622,FALSE
1,e003,NS_mean_RT,630,FALSE
1,e004,NS_mean_RT,664,TRUE
1,e005,NS_mean_RT,626,FALSE
1,e006,NS_mean_RT,595.5,FALSE
1,e007,NS_mean_RT,633,FALSE
1,e008,NS_mean_RT,616.5,FALSE
1,e009,NS_mean_RT,595.5,FALSE
1,e010,NS_mean_RT,606,FALSE
1,e011,NS_mean_RT,620.5,FALSE
1,e000,NS_mean_RTdiff,21,FALSE
1,e001,NS_mean_RTdiff,22.5,FALSE
1,e002,NS_mean_RTdiff,11.5,FALSE
1,e003,NS_mean_RTdiff,13,FALSE
1,e004,NS_mean_RTdiff,11,FALSE
1,e005,NS_mean_RTdiff,12.5,FALSE
1,e006,NS_mean_RTdiff,12.5,FALSE
1,e007,NS_mean_RTdiff,22.5,FALSE
1,e008,NS_mean_RTdiff,14.5,FALSE
1,e009,NS_mean_RTdiff,14,FALSE
1,e010,NS_mean_RTdiff,11,FALSE
1,e011,NS_mean_RTdiff,11.5,FALSE
1,e000,SB_accuracy,70,FALSE
1,e001,SB_accuracy,73,FALSE
1,e002,SB_accuracy,40,FALSE
1,e003,SB_accuracy,64,FALSE
1,e004,SB_accuracy,77,FALSE
1,e005,SB_accuracy,80,FALSE
1,e006,SB_accuracy,80,FALSE
1,e007,SB_accuracy,50,FALSE
1,e008,SB_accuracy,62,FALSE
1,e009,SB_accuracy,56,FALSE
1,e010,SB_accuracy,80,FALSE
1,e011,SB_accuracy,70,FALSE
1,e000,SL_accuracy,78,FALSE
1,e001,SL_accuracy,29,FALSE
1,e002,SL_accuracy,47,FALSE
1,e003,SL_accuracy,44,FALSE
1,e004,SL_accuracy,55,FALSE
1,e005,SL_accuracy,22,FALSE
1,e006,SL_accuracy,75,FALSE
1,e007,SL_accuracy,44,FALSE
1,e008,SL_accuracy,58,FALSE
1,e009,SL_accuracy,60,FALSE
1,e010,SL_accuracy,50,FALSE
1,e011,SL_accuracy,50,FALSE
1,e000,SR_accuracy,50,FALSE
1,e001,SR_accuracy,12,TRUE
1,e002,SR_accuracy,55,FALSE
1,e003,SR_accuracy,60,FALSE
1,e004,SR_accuracy,45,FALSE
1,e005,SR_accuracy,30,FALSE
1,e006,SR_accuracy,62,FALSE
1,e007,SR_accuracy,55,FALSE
1,e008,SR_accuracy,60,FALSE
1,e009,SR_accuracy,67,FALSE
1,e010,SR_accuracy,62,FALSE
1,e011,SR_accuracy,73,FALSE
2,e000,IG_accuracy,91,FALSE
2,e001,IG_accuracy,73,TRUE
2,e002,IG_accuracy,73,TRUE
2,e003,IG_accuracy,91,FALSE
2,e004,IG_accuracy,86,FALSE
2,e005,IG_accuracy,89,FALSE
2,e006,IG_accuracy,100,FALSE
2,e007,IG_accuracy,100,FALSE
2,e008,IG_accuracy,100,FALSE
2,e009,IG_accuracy,100,FALSE
2,e010,IG_accuracy,100,FALSE
2,e011,IG_accuracy,100,FALSE
2,e000,NS_accuracy,98.5,FALSE
2,e001,NS_accuracy,100,FALSE
2,e002,NS_accuracy,98.5,FALSE
2,e003,NS_accuracy,100,FALSE
2,e004,NS_accuracy,100,FALSE
2,e005,NS_accuracy,98.5,FALSE
2,e006,NS_accuracy,100,FALSE
2,e007,NS_accuracy,100,FALSE
2,e008,NS_accuracy,100,FALSE
2,e009,NS_accuracy,100,FALSE
2,e010,NS_accuracy,100,FALSE
2,e011,NS_accuracy,100,FALSE
2,e000,NS_mean_RT,544.5,FALSE
2,e001,NS_mean_RT,587,FALSE
2,e002,NS_mean_RT,582.5,FALSE
2,e003,NS_mean_RT,625.5,FALSE
2,e004,NS_mean_RT,589.5,FALSE
2,e005,NS_mean_RT,612,FALSE
2,e006,NS_mean_RT,558,FALSE
2,e007,NS_mean_RT,589,FALSE
2,e008,NS_mean_RT,604.5,FALSE
2,e009,NS_mean_RT,613.5,FALSE
2,e010,NS_mean_RT,649,FALSE
2,e011,NS_mean_RT,600,FALSE
2,e000,NS_mean_RTdiff,21.5,FALSE
2,e001,NS_mean_RTdiff,17,FALSE
2,e002,NS_mean_RTdiff,14.5,FALSE
2,e003,NS_mean_RTdiff,14,FALSE
2,e004,NS_mean_RTdiff,13.5,FALSE
2,e005,NS_mean_RTdiff,17.5,FALSE
2,e006,NS_mean_RTdiff,28,FALSE
2,e007,NS_mean_RTdiff,14.5,FALSE
2,e008,NS_mean_RTdiff,20.5,FALSE
2,e009,NS_mean_RTdiff,18,FALSE
2,e010,NS_mean_RTdiff,20,FALSE
2,e011,NS_mean_RTdiff,18.5,FALSE
2,e000,SB_accuracy,50,FALSE
2,e001,SB_accuracy,64,FALSE
2,e002,SB_accuracy,80,FALSE
2,e003,SB_accuracy,45,FALSE
2,e004,SB_accuracy,69,FALSE
2,e005,SB_accuracy,60,FALSE
2,e006,SB_accuracy,80,FALSE
2,e007,SB_accuracy,75,FALSE
2,e008,SB_accuracy,62,FALSE
2,e009,SB_accuracy,56,FALSE
2,e010,SB_accuracy,90,FALSE
2,e011,SB_accuracy,70,FALSE
2,e000,SL_accuracy,67,FALSE
2,e001,SL_accuracy,57,FALSE
2,e002,SL_accuracy,33,FALSE
2,e003,SL_accuracy,56,FALSE
2,e004,SL_accuracy,64,FALSE
2,e005,SL_accuracy,44,FALSE
2,e006,SL_accuracy,75,FALSE
2,e007,SL_accuracy,78,FALSE
2,e008,SL_accuracy,42,FALSE
2,e009,SL_accuracy,20,FALSE
2,e010,SL_accuracy,50,FALSE
2,e011,SL_accuracy,60,FALSE
2,e000,SR_accuracy,80,FALSE
2,e001,SR_accuracy,25,FALSE
2,e002,SR_accuracy,36,FALSE
2,e003,SR_accuracy,50,FALSE
2,e004,SR_accuracy,64,FALSE
2,e005,SR_accuracy,40,FALSE
2,e006,SR_accuracy,38,FALSE
2,e007,SR_accuracy,36,FALSE
2,e008,SR_accuracy,70,FALSE
2,e009,SR_accuracy,75,FALSE
2,e010,SR_accuracy,75,FALSE
2,e011,SR_accuracy,55,FALSE
3,e000,IG_accuracy,100,FALSE
3,e001,IG_accuracy,82,FALSE
3,e002,IG_accuracy,100,FALSE
3,e003,IG_accuracy,91,FALSE
3,e004,IG_accuracy,100,FALSE
3,e005,IG_accuracy,89,FALSE
3,e006,IG_accuracy,91,FALSE
3,e007,IG_accuracy,100,FALSE
3,e008,IG_accuracy,92,FALSE
3,e009,IG_accuracy,100,FALSE
3,e010,IG_accuracy,86,FALSE
3,e011,IG_accuracy,100,FALSE
3,e000,NS_accuracy,95,FALSE
3,e001,NS_accuracy,95.5,FALSE
3,e002,NS_accuracy,96.5,FALSE
3,e003,NS_accuracy,98.5,FALSE
3,e004,NS_accuracy,98.5,FALSE
3,e005,NS_accuracy,98.5,FALSE
3,e006,NS_accuracy,98.5,FALSE
3,e007,NS_accuracy,100,FALSE
3,e008,NS_accuracy,98.5,FALSE
3,e009,NS_accuracy,100,FALSE
3,e010,NS_accuracy,98.5,FALSE
3,e011,NS_accuracy,100,FALSE
3,e000,NS_mean_RT,595,FALSE
3,e001,NS_mean_RT,601.5,FALSE
3,e002,NS_mean_RT,583,FALSE
3,e003,NS_mean_RT,599.5,FALSE
3,e004,NS_mean_RT,619,FALSE
3,e005,NS_mean_RT,586.5,FALSE
3,e006,NS_mean_RT,568.5,FALSE
3,e007,NS_mean_RT,597.5,FALSE
3,e008,NS_mean_RT,576.5,FALSE
3,e009,NS_mean_RT,542,FALSE
3,e010,NS_mean_RT,584.5,FALSE
3,e011,NS_mean_RT,543,FALSE
3,e000,NS_mean_RTdiff,14,FALSE
3,e001,NS_mean_RTdiff,11.5,FALSE
3,e002,NS_mean_RTdiff,11.5,FALSE
3,e003,NS_mean_RTdiff,20.5,FALSE
3,e004,NS_mean_RTdiff,15.5,FALSE
3,e005,NS_mean_RTdiff,14,FALSE
3,e006,NS_mean_RTdiff,16,FALSE
3,e007,NS_mean_RTdiff,15,FALSE
3,e008,NS_mean_RTdiff,11,FALSE
3,e009,NS_mean_RTdiff,14,FALSE
3,e010,NS_mean_RTdiff,12,FALSE
3,e011,NS_mean_RTdiff,10,FALSE
3,e000,SB_accuracy,40,FALSE
3,e001,SB_accuracy,64,FALSE
3,e002,SB_accuracy,0,TRUE
3,e003,SB_accuracy,45,FALSE
3,e004,SB_accuracy,62,FALSE
3,e005,SB_accuracy,60,FALSE
3,e006,SB_accuracy,60,FALSE
3,e007,SB_accuracy,50,FALSE
3,e008,SB_accuracy,62,FALSE
3,e009,SB_accuracy,56,FALSE
3,e010,SB_accuracy,60,FALSE
3,e011,SB_accuracy,40,FALSE
3,e000,SL_accuracy,67,FALSE
3,e001,SL_accuracy,29,FALSE
3,e002,SL_accuracy,47,FALSE
3,e003,SL_accuracy,56,FALSE
3,e004,SL_accuracy,36,FALSE
3,e005,SL_accuracy,44,FALSE
3,e006,SL_accuracy,62,FALSE
3,e007,SL_accuracy,44,FALSE
3,e008,SL_accuracy,58,FALSE
3,e009,SL_accuracy,40,FALSE
3,e010,SL_accuracy,44,FALSE
3,e011,SL_accuracy,70,FALSE
3,e000,SR_accuracy,60,FALSE
3,e001,SR_accuracy,25,FALSE
3,e002,SR_accuracy,36,FALSE
3,e003,SR_accuracy,40,FALSE
3,e004,SR_accuracy,55,FALSE
3,e005,SR_accuracy,40,FALSE
3,e006,SR_accuracy,38,FALSE
3,e007,SR_accuracy,64,FALSE
3,e008,SR_accuracy,50,FALSE
3,e009,SR_accuracy,50,FALSE
3,e010,SR_accuracy,25,FALSE
3,e011,SR_accuracy,45,FALSE
5,e000,IG_accuracy,73,TRUE
5,e001,IG_accuracy,82,FALSE
5,e002,IG_accuracy,91,FALSE
5,e003,IG_accuracy,100,FALSE
5,e004,IG_accuracy,86,FALSE
5,e005,IG_accuracy,78,TRUE
5,e006,IG_accuracy,91,FALSE
5,e007,IG_accuracy,91,FALSE
5,e008,IG_accuracy,92,FALSE
5,e009,IG_accuracy,88,FALSE
5,e010,IG_accuracy,86,FALSE
5,e011,IG_accuracy,100,FALSE
5,e000,NS_accuracy,96.5,FALSE
5,e001,NS_accuracy,98.5,FALSE
5,e002,NS_accuracy,95,FALSE
5,e003,NS_accuracy,100,FALSE
5,e004,NS_accuracy,100,FALSE
5,e005,NS_accuracy,100,FALSE
5,e006,NS_accuracy,100,FALSE
5,e007,NS_accuracy,100,FALSE
5,e008,NS_accuracy,98.5,FALSE
5,e009,NS_accuracy,98.5,FALSE
5,e010,NS_accuracy,97,FALSE
5,e011,NS_accuracy,97,FALSE
5,e000,NS_mean_RT,557.5,FALSE
5,e001,NS_mean_RT,559,FALSE
5,e002,NS_mean_RT,566.5,FALSE
5,e003,NS_mean_RT,584.5,FALSE
5,e004,NS_mean_RT,579,FALSE
5,e005,NS_mean_RT,616,FALSE
5,e006,NS_mean_RT,561,FALSE
5,e007,NS_mean_RT,607.5,FALSE
5,e008,NS_mean_RT,589.5,FALSE
5,e009,NS_mean_RT,593.5,FALSE
5,e010,NS_mean_RT,570.5,FALSE
5,e011,NS_mean_RT,617,FALSE
5,e000,NS_mean_RTdiff,9,FALSE
5,e001,NS_mean_RTdiff,9.5,FALSE
5,e002,NS_mean_RTdiff,7.5,FALSE
5,e003,NS_mean_RTdiff,8.5,FALSE
5,e004,NS_mean_RTdiff,5.5,FALSE
5,e005,NS_mean_RTdiff,8.5,FALSE
5,e006,NS_mean_RTdiff,6,FALSE
5,e007,NS_mean_RTdiff,6.5,FALSE
5,e008,NS_mean_RTdiff,7.5,FALSE
5,e009,NS_mean_RTdiff,8,FALSE
5,e010,NS_mean_RTdiff,6,FALSE
5,e011,NS_mean_RTdiff,8,FALSE
5,e000,SB_accuracy,60,FALSE
5,e001,SB_accuracy,55,FALSE
5,e002,SB_accuracy,40,FALSE
5,e003,SB_accuracy,45,FALSE
5,e004,SB_accuracy,62,FALSE
5,e005,SB_accuracy,70,FALSE
5,e006,SB_accuracy,60,FALSE
5,e007,SB_accuracy,62,FALSE
5,e008,SB_accuracy,62,FALSE
5,e009,SB_accuracy,56,FALSE
5,e010,SB_accuracy,80,FALSE
5,e011,SB_accuracy,40,FALSE
5,e000,SL_accuracy,22,FALSE
5,e001,SL_accuracy,57,FALSE
5,e002,SL_accuracy,53,FALSE
5,e003,SL_accuracy,56,FALSE
5,e004,SL_accuracy,73,FALSE
5,e005,SL_accuracy,33,FALSE
5,e006,SL_accuracy,62,FALSE
5,e007,SL_accuracy,67,FALSE
5,e008,SL_accuracy,50,FALSE
5,e009,SL_accuracy,60,FALSE
5,e010,SL_accuracy,56,FALSE
5,e011,SL_accuracy,70,FALSE
5,e000,SR_accuracy,30,FALSE
5,e001,SR_accuracy,25,FALSE
5,e002,SR_accuracy,64,FALSE
5,e003,SR_accuracy,30,FALSE
5,e004,SR_accuracy,36,FALSE
5,e005,SR_accuracy,20,FALSE
5,e006,SR_accuracy,25,FALSE
5,e007,SR_accuracy,45,FALSE
5,e008,SR_accuracy,50,FALSE
5,e009,SR_accuracy,83,FALSE
5,e010,SR_accuracy,62,FALSE
5,e011,SR_accuracy,55,FALSE
6,e000,IG_accuracy,100,FALSE
6,e001,IG_accuracy,91,FALSE
6,e002,IG_accuracy,91,FALSE
6,e003,IG_accuracy,82,FALSE
6,e004,IG_accuracy,100,FALSE
6,e005,IG_accuracy,89,FALSE
6,e006,IG_accuracy,91,FALSE
6,e007,IG_accuracy,100,FALSE
6,e008,IG_accuracy,100,FALSE
6,e009,IG_accuracy,100,FALSE
6,e010,IG_accuracy,100,FALSE
6,e011,IG_accuracy,100,FALSE
6,e000,NS_accuracy,100,FALSE
6,e001,NS_accuracy,100,FALSE
6,e002,NS_accuracy,98.5,FALSE
6,e003,NS_accuracy,100,FALSE
6,e004,NS_accuracy,97,FALSE
6,e005,NS_accuracy,100,FALSE
6,e006,NS_accuracy,100,FALSE
6,e007,NS_accuracy,100,FALSE
6,e008,NS_accuracy,98,FALSE
6,e009,NS_accuracy,98.5,FALSE
6,e010,NS_accuracy,98.5,FALSE
6,e011,NS_accuracy,98.5,FALSE
6,e000,NS_mean_RT,576,FALSE
6,e001,NS_mean_RT,538,FALSE
6,e002,NS_mean_RT,558,FALSE
6,e003,NS_mean_RT,570,FALSE
6,e004,NS_mean_RT,567,FALSE
6,e005,NS_mean_RT,572,FALSE
6,e006,NS_mean_RT,540,FALSE
6,e007,NS_mean_RT,551.5,FALSE
6,e008,NS_mean_RT,539.5,FALSE
6,e009,NS_mean_RT,540,FALSE
6,e010,NS_mean_RT,573,FALSE
6,e011,NS_mean_RT,576,FALSE
6,e000,NS_mean_RTdiff,12.5,FALSE
6,e001,NS_mean_RTdiff,15.5,FALSE
6,e002,NS_mean_RTdiff,12.5,FALSE
6,e003,NS_mean_RTdiff,21,FALSE
6,e004,NS_mean_RTdiff,14.5,FALSE
6,e005,NS_mean_RTdiff,15.5,FALSE
6,e006,NS_mean_RTdiff,11,FALSE
6,e007,NS_mean_RTdiff,16,FALSE
6,e008,NS_mean_RTdiff,19,FALSE
6,e009,NS_mean_RTdiff,17.5,FALSE
6,e010,NS_mean_RTdiff,19.5,FALSE
6,e011,NS_mean_RTdiff,16.5,FALSE
6,e000,SB_accuracy,50,FALSE
6,e001,SB_accuracy,64,FALSE
6,e002,SB_accuracy,60,FALSE
6,e003,SB_accuracy,45,FALSE
6,e004,SB_accuracy,69,FALSE
6,e005,SB_accuracy,80,FALSE
6,e006,SB_accuracy,73,FALSE
6,e007,SB_accuracy,50,FALSE
6,e008,SB_accuracy,62,FALSE
6,e009,SB_accuracy,44,FALSE
6,e010,SB_accuracy,70,FALSE
6,e011,SB_accuracy,40,FALSE
6,e000,SL_accuracy,56,FALSE
6,e001,SL_accuracy,29,FALSE
6,e002,SL_accuracy,7,TRUE
6,e003,SL_accuracy,44,FALSE
6,e004,SL_accuracy,36,FALSE
6,e005,SL_accuracy,67,FALSE
6,e006,SL_accuracy,38,FALSE
6,e007,SL_accuracy,44,FALSE
6,e008,SL_accuracy,25,FALSE
6,e009,SL_accuracy,40,FALSE
6,e010,SL_accuracy,44,FALSE
6,e011,SL_accuracy,60,FALSE
6,e000,SR_accuracy,60,FALSE
6,e001,SR_accuracy,38,FALSE
6,e002,SR_accuracy,27,FALSE
6,e003,SR_accuracy,60,FALSE
6,e004,SR_accuracy,27,FALSE
6,e005,SR_accuracy,30,FALSE
6,e006,SR_accuracy,38,FALSE
6,e007,SR_accuracy,55,FALSE
6,e008,SR_accuracy,40,FALSE
6,e009,SR_accuracy,67,FALSE
6,e010,SR_accuracy,50,FALSE
6,e011,SR_accuracy,36,FALSE
7,e000,IG_accuracy,100,FALSE
7,e001,IG_accuracy,100,FALSE
7,e002,IG_accuracy,91,FALSE
7,e003,IG_accuracy,91,FALSE
7,e004,IG_accuracy,100,FALSE
7,e005,IG_accuracy,100,FALSE
7,e006,IG_accuracy,91,FALSE
7,e007,IG_accuracy,82,FALSE
7,e008,IG_accuracy,100,FALSE
7,e009,IG_accuracy,100,FALSE
7,e010,IG_accuracy,71,TRUE
7,e011,IG_accuracy,80,FALSE
7,e000,NS_accuracy,97,FALSE
7,e001,NS_accuracy,95.5,FALSE
7,e002,NS_accuracy,95,FALSE
7,e003,NS_accuracy,93,FALSE
7,e004,NS_accuracy,100,FALSE
7,e005,NS_accuracy,97,FALSE
7,e006,NS_accuracy,96.5,FALSE
7,e007,NS_accuracy,97,FALSE
7,e008,NS_accuracy,98.5,FALSE
7,e009,NS_accuracy,98.5,FALSE
7,e010,NS_accuracy,97,FALSE
7,e011,NS_accuracy,98.5,FALSE
7,e000,NS_mean_RT,495,FALSE
7,e001,NS_mean_RT,527.5,FALSE
7,e002,NS_mean_RT,512,FALSE
7,e003,NS_mean_RT,532.5,FALSE
7,e004,NS_mean_RT,502,FALSE
7,e005,NS_mean_RT,468.5,FALSE
7,e006,NS_mean_RT,508,FALSE
7,e007,NS_mean_RT,538.5,FALSE
7,e008,NS_mean_RT,590,FALSE
7,e009,NS_mean_RT,526.5,FALSE
7,e010,NS_mean_RT,526.5,FALSE
7,e011,NS_mean_RT,522,FALSE
7,e000,NS_mean_RTdiff,14.5,FALSE
7,e001,NS_mean_RTdiff,14,FALSE
7,e002,NS_mean_RTdiff,15.5,FALSE
7,e003,NS_mean_RTdiff,24,FALSE
7,e004,NS_mean_RTdiff,18,FALSE
7,e005,NS_mean_RTdiff,21,FALSE
7,e006,NS_mean_RTdiff,21,FALSE
7,e007,NS_mean_RTdiff,22.5,FALSE
7,e008,NS_mean_RTdiff,22,FALSE
7,e009,NS_mean_RTdiff,18,FALSE
7,e010,NS_mean_RTdiff,15.5,FALSE
7,e011,NS_mean_RTdiff,12.5,FALSE
7,e000,SB_accuracy,10,TRUE
7,e001,SB_accuracy,27,FALSE
7,e002,SB_accuracy,0,TRUE
7,e003,SB_accuracy,36,FALSE
7,e004,SB_accuracy,54,FALSE
7,e005,SB_accuracy,30,FALSE
7,e006,SB_accuracy,33,FALSE
7,e007,SB_accuracy,25,FALSE
7,e008,SB_accuracy,62,FALSE
7,e009,SB_accuracy,44,FALSE
7,e010,SB_accuracy,70,FALSE
7,e011,SB_accuracy,50,FALSE
7,e000,SL_accuracy,11,TRUE
7,e001,SL_accuracy,29,FALSE
7,e002,SL_accuracy,7,TRUE
7,e003,SL_accuracy,0,TRUE
7,e004,SL_accuracy,27,FALSE
7,e005,SL_accuracy,11,TRUE
7,e006,SL_accuracy,38,FALSE
7,e007,SL_accuracy,33,FALSE
7,e008,SL_accuracy,58,FALSE
7,e009,SL_accuracy,20,FALSE
7,e010,SL_accuracy,38,FALSE
7,e011,SL_accuracy,30,FALSE
7,e000,SR_accuracy,0,TRUE
7,e001,SR_accuracy,12,TRUE
7,e002,SR_accuracy,9,TRUE
7,e003,SR_accuracy,20,FALSE
7,e004,SR_accuracy,9,TRUE
7,e005,SR_accuracy,0,TRUE
7,e006,SR_accuracy,0,TRUE
7,e007,SR_accuracy,27,FALSE
7,e008,SR_accuracy,30,FALSE
7,e009,SR_accuracy,25,FALSE
7,e010,SR_accuracy,25,FALSE
7,e011,SR_accuracy,36,FALSE
8,e000,IG_accuracy,82,FALSE
8,e001,IG_accuracy,91,FALSE
8,e002,IG_accuracy,82,FALSE
8,e003,IG_accuracy,91,FALSE
8,e004,IG_accuracy,71,TRUE
8,e005,IG_accuracy,89,FALSE
8,e006,IG_accuracy,91,FALSE
8,e007,IG_accuracy,100,FALSE
8,e008,IG_accuracy,85,FALSE
8,e009,IG_accuracy,100,FALSE
8,e010,IG_accuracy,71,TRUE
8,e011,IG_accuracy,80,FALSE
8,e000,NS_accuracy,97,FALSE
8,e001,NS_accuracy,95.5,FALSE
8,e002,NS_accuracy,95,FALSE
8,e003,NS_accuracy,98.5,FALSE
8,e004,NS_accuracy,100,FALSE
8,e005,NS_accuracy,98.5,FALSE
8,e006,NS_accuracy,96.5,FALSE
8,e007,NS_accuracy,98.5,FALSE
8,e008,NS_accuracy,96.5,FALSE
8,e009,NS_accuracy,98.5,FALSE
8,e010,NS_accuracy,96.5,FALSE
8,e011,NS_accuracy,95,FALSE
8,e000,NS_mean_RT,607.5,FALSE
8,e001,NS_mean_RT,637,FALSE
8,e002,NS_mean_RT,622.5,FALSE
8,e003,NS_mean_RT,640,FALSE
8,e004,NS_mean_RT,601,FALSE
8,e005,NS_mean_RT,617,FALSE
8,e006,NS_mean_RT,589.5,FALSE
8,e007,NS_mean_RT,604.5,FALSE
8,e008,NS_mean_RT,612,FALSE
8,e009,NS_mean_RT,584.5,FALSE
8,e010,NS_mean_RT,594,FALSE
8,e011,NS_mean_RT,605.5,FALSE
8,e000,NS_mean_RTdiff,19,FALSE
8,e001,NS_mean_RTdiff,24,FALSE
8,e002,NS_mean_RTdiff,18.5,FALSE
8,e003,NS_mean_RTdiff,18.5,FALSE
8,e004,NS_mean_RTdiff,15.5,FALSE
8,e005,NS_mean_RTdiff,19,FALSE
8,e006,NS_mean_RTdiff,17,FALSE
8,e007,NS_mean_RTdiff,20.5,FALSE
8,e008,NS_mean_RTdiff,20.5,FALSE
8,e009,NS_mean_RTdiff,20.5,FALSE
8,e010,NS_mean_RTdiff,19,FALSE
8,e011,NS_mean_RTdiff,14,FALSE
8,e000,SB_accuracy,40,FALSE
8,e001,SB_accuracy,55,FALSE
8,e002,SB_accuracy,0,TRUE
8,e003,SB_accuracy,55,FALSE
8,e004,SB_accuracy,77,FALSE
8,e005,SB_accuracy,60,FALSE
8,e006,SB_accuracy,53,FALSE
8,e007,SB_accuracy,50,FALSE
8,e008,SB_accuracy,62,FALSE
8,e009,SB_accuracy,67,FALSE
8,e010,SB_accuracy,80,FALSE
8,e011,SB_accuracy,50,FALSE
8,e000,SL_accuracy,56,FALSE
8,e001,SL_accuracy,57,FALSE
8,e002,SL_accuracy,53,FALSE
8,e003,SL_accuracy,33,FALSE
8,e004,SL_accuracy,45,FALSE
8,e005,SL_accuracy,44,FALSE
8,e006,SL_accuracy,62,FALSE
8,e007,SL_accuracy,56,FALSE
8,e008,SL_accuracy,42,FALSE
8,e009,SL_accuracy,40,FALSE
8,e010,SL_accuracy,56,FALSE
8,e011,SL_accuracy,50,FALSE
8,e000,SR_accuracy,10,TRUE
8,e001,SR_accuracy,38,FALSE
8,e002,SR_accuracy,45,FALSE
8,e003,SR_accuracy,20,FALSE
8,e004,SR_accuracy,45,FALSE
8,e005,SR_accuracy,40,FALSE
8,e006,SR_accuracy,38,FALSE
8,e007,SR_accuracy,36,FALSE
8,e008,SR_accuracy,40,FALSE
8,e009,SR_accuracy,67,FALSE
8,e010,SR_accuracy,12,TRUE
8,e011,SR_accuracy,36,FALSE
9,e000,IG_accuracy,82,FALSE
9,e001,IG_accuracy,91,FALSE
9,e002,IG_accuracy,91,FALSE
9,e003,IG_accuracy,73,TRUE
9,e004,IG_accuracy,71,TRUE
9,e005,IG_accuracy,44,TRUE
9,e006,IG_accuracy,91,FALSE
9,e007,IG_accuracy,91,FALSE
9,e008,IG_accuracy,85,FALSE
9,e009,IG_accuracy,100,FALSE
9,e010,IG_accuracy,86,FALSE
9,e011,IG_accuracy,80,FALSE
9,e000,NS_accuracy,97,FALSE
9,e001,NS_accuracy,93.5,FALSE
9,e002,NS_accuracy,89.5,FALSE
9,e003,NS_accuracy,76.5,TRUE
9,e004,NS_accuracy,82.5,TRUE
9,e005,NS_accuracy,88.5,FALSE
9,e006,NS_accuracy,98.5,FALSE
9,e007,NS_accuracy,96.5,FALSE
9,e008,NS_accuracy,94.5,FALSE
9,e009,NS_accuracy,88,FALSE
9,e010,NS_accuracy,80,TRUE
9,e011,NS_accuracy,76.5,TRUE
9,e000,NS_mean_RT,613.5,FALSE
9,e001,NS_mean_RT,549,FALSE
9,e002,NS_mean_RT,668.5,TRUE
9,e003,NS_mean_RT,677,TRUE
9,e004,NS_mean_RT,639,FALSE
9,e005,NS_mean_RT,615,FALSE
9,e006,NS_mean_RT,560,FALSE
9,e007,NS_mean_RT,578.5,FALSE
9,e008,NS_mean_RT,626.5,FALSE
9,e009,NS_mean_RT,622,FALSE
9,e010,NS_mean_RT,660.5,TRUE
9,e011,NS_mean_RT,694,TRUE
9,e000,NS_mean_RTdiff,26,FALSE
9,e001,NS_mean_RTdiff,14.5,FALSE
9,e002,NS_mean_RTdiff,19,FALSE
9,e003,NS_mean_RTdiff,15,FALSE
9,e004,NS_mean_RTdiff,28,FALSE
9,e005,NS_mean_RTdiff,31.5,FALSE
9,e006,NS_mean_RTdiff,25.5,FALSE
9,e007,NS_mean_RTdiff,34.5,FALSE
9,e008,NS_mean_RTdiff,31.5,FALSE
9,e009,NS_mean_RTdiff,36,FALSE
9,e010,NS_mean_RTdiff,23.5,FALSE
9,e011,NS_mean_RTdiff,31.5,FALSE
9,e000,SB_accuracy,50,FALSE
9,e001,SB_accuracy,27,FALSE
9,e002,SB_accuracy,40,FALSE
9,e003,SB_accuracy,36,FALSE
9,e004,SB_accuracy,62,FALSE
9,e005,SB_accuracy,60,FALSE
9,e006,SB_accuracy,47,FALSE
9,e007,SB_accuracy,0,TRUE
9,e008,SB_accuracy,62,FALSE
9,e009,SB_accuracy,22,FALSE
9,e010,SB_accuracy,60,FALSE
9,e011,SB_accuracy,30,FALSE
9,e000,SL_accuracy,33,FALSE
9,e001,SL_accuracy,29,FALSE
9,e002,SL_accuracy,33,FALSE
9,e003,SL_accuracy,33,FALSE
9,e004,SL_accuracy,55,FALSE
9,e005,SL_accuracy,44,FALSE
9,e006,SL_accuracy,25,FALSE
9,e007,SL_accuracy,11,TRUE
9,e008,SL_accuracy,33,FALSE
9,e009,SL_accuracy,0,TRUE
9,e010,SL_accuracy,12,TRUE
9,e011,SL_accuracy,30,FALSE
9,e000,SR_accuracy,0,TRUE
9,e001,SR_accuracy,0,TRUE
9,e002,SR_accuracy,9,TRUE
9,e003,SR_accuracy,0,TRUE
9,e004,SR_accuracy,18,TRUE
9,e005,SR_accuracy,0,TRUE
9,e006,SR_accuracy,25,FALSE
9,e007,SR_accuracy,18,TRUE
9,e008,SR_accuracy,40,FALSE
9,e009,SR_accuracy,33,FALSE
9,e010,SR_accuracy,50,FALSE
9,e011,SR_accuracy,27,FALSE
10,e000,IG_accuracy,100,FALSE
10,e001,IG_accuracy,91,FALSE
10,e002,IG_accuracy,100,FALSE
10,e003,IG_accuracy,100,FALSE
10,e004,IG_accuracy,86,FALSE
10,e005,IG_accuracy,100,FALSE
10,e006,IG_accuracy,100,FALSE
10,e007,IG_accuracy,100,FALSE
10,e008,IG_accuracy,92,FALSE
10,e009,IG_accuracy,100,FALSE
10,e010,IG_accuracy,100,FALSE
10,e011,IG_accuracy,100,FALSE
10,e000,NS_accuracy,100,FALSE
10,e001,NS_accuracy,100,FALSE
10,e002,NS_accuracy,100,FALSE
10,e003,NS_accuracy,100,FALSE
10,e004,NS_accuracy,100,FALSE
10,e005,NS_accuracy,100,FALSE
10,e006,NS_accuracy,100,FALSE
10,e007,NS_accuracy,98.5,FALSE
10,e008,NS_accuracy,98,FALSE
10,e009,NS_accuracy,98.5,FALSE
10,e010,NS_accuracy,100,FALSE
10,e011,NS_accuracy,100,FALSE
10,e000,NS_mean_RT,633,FALSE
10,e001,NS_mean_RT,622.5,FALSE
10,e002,NS_mean_RT,602.5,FALSE
10,e003,NS_mean_RT,605.5,FALSE
10,e004,NS_mean_RT,613,FALSE
10,e005,NS_mean_RT,659.5,TRUE
10,e006,NS_mean_RT,646.5,FALSE
10,e007,NS_mean_RT,573.5,FALSE
10,e008,NS_mean_RT,585,FALSE
10,e009,NS_mean_RT,569,FALSE
10,e010,NS_mean_RT,611.5,FALSE
10,e011,NS_mean_RT,600,FALSE
10,e000,NS_mean_RTdiff,28.5,FALSE
10,e001,NS_mean_RTdiff,22,FALSE
10,e002,NS_mean_RTdiff,24,FALSE
10,e003,NS_mean_RTdiff,31,FALSE
10,e004,NS_mean_RTdiff,35,FALSE
10,e005,NS_mean_RTdiff,22.5,FALSE
10,e006,NS_mean_RTdiff,18,FALSE
10,e007,NS_mean_RTdiff,18,FALSE
10,e008,NS_mean_RTdiff,22,FALSE
10,e009,NS_mean_RTdiff,19.5,FALSE
10,e010,NS_mean_RTdiff,21.5,FALSE
10,e011,NS_mean_RTdiff,21,FALSE
10,e000,SB_accuracy,50,FALSE
10,e001,SB_accuracy,73,FALSE
10,e002,SB_accuracy,20,FALSE
10,e003,SB_accuracy,45,FALSE
10,e004,SB_accuracy,62,FALSE
10,e005,SB_accuracy,80,FALSE
10,e006,SB_accuracy,60,FALSE
10,e007,SB_accuracy,38,FALSE
10,e008,SB_accuracy,62,FALSE
10,e009,SB_accuracy,44,FALSE
10,e010,SB_accuracy,80,FALSE
10,e011,SB_accuracy,50,FALSE
10,e000,SL_accuracy,67,FALSE
10,e001,SL_accuracy,57,FALSE
10,e002,SL_accuracy,40,FALSE
10,e003,SL_accuracy,67,FALSE
10,e004,SL_accuracy,45,FALSE
10,e005,SL_accuracy,44,FALSE
10,e006,SL_accuracy,75,FALSE
10,e007,SL_accuracy,44,FALSE
10,e008,SL_accuracy,75,FALSE
10,e009,SL_accuracy,80,FALSE
10,e010,SL_accuracy,56,FALSE
10,e011,SL_accuracy,50,FALSE
10,e000,SR_accuracy,20,FALSE
10,e001,SR_accuracy,25,FALSE
10,e002,SR_accuracy,36,FALSE
10,e003,SR_accuracy,40,FALSE
10,e004,SR_accuracy,18,TRUE
10,e005,SR_accuracy,30,FALSE
10,e006,SR_accuracy,12,TRUE
10,e007,SR_accuracy,27,FALSE
10,e008,SR_accuracy,30,FALSE
10,e009,SR_accuracy,67,FALSE
10,e010,SR_accuracy,38,FALSE
10,e011,SR_accuracy,18,TRUE
11,e000,IG_accuracy,91,FALSE
11,e001,IG_accuracy,91,FALSE
11,e002,IG_accuracy,100,FALSE
11,e003,IG_accuracy,91,FALSE
11,e004,IG_accuracy,100,FALSE
11,e005,IG_accuracy,78,TRUE
11,e006,IG_accuracy,91,FALSE
11,e007,IG_accuracy,100,FALSE
11,e008,IG_accuracy,92,FALSE
11,e009,IG_accuracy,100,FALSE
11,e010,IG_accuracy,86,FALSE
11,e011,IG_accuracy,90,FALSE
11,e000,NS_accuracy,98.5,FALSE
11,e001,NS_accuracy,98.5,FALSE
11,e002,NS_accuracy,100,FALSE
11,e003,NS_accuracy,97,FALSE
11,e004,NS_accuracy,96.5,FALSE
11,e005,NS_accuracy,98.5,FALSE
11,e006,NS_accuracy,98.5,FALSE
11,e007,NS_accuracy,98.5,FALSE
11,e008,NS_accuracy,100,FALSE
11,e009,NS_accuracy,98.5,FALSE
11,e010,NS_accuracy,97,FALSE
11,e011,NS_accuracy,100,FALSE
11,e000,NS_mean_RT,589.5,FALSE
11,e001,NS_mean_RT,590,FALSE
11,e002,NS_mean_RT,628,FALSE
11,e003,NS_mean_RT,587.5,FALSE
11,e004,NS_mean_RT,608.5,FALSE
11,e005,NS_mean_RT,606.5,FALSE
11,e006,NS_mean_RT,572,FALSE
11,e007,NS_mean_RT,588.5,FALSE
11,e008,NS_mean_RT,599,FALSE
11,e009,NS_mean_RT,576.5,FALSE
11,e010,NS_mean_RT,603.5,FALSE
11,e011,NS_mean_RT,608,FALSE
11,e000,NS_mean_RTdiff,19,FALSE
11,e001,NS_mean_RTdiff,18,FALSE
11,e002,NS_mean_RTdiff,24,FALSE
11,e003,NS_mean_RTdiff,25,FALSE
11,e004,NS_mean_RTdiff,24.5,FALSE
11,e005,NS_mean_RTdiff,14,FALSE
11,e006,NS_mean_RTdiff,18.5,FALSE
11,e007,NS_mean_RTdiff,15.5,FALSE
11,e008,NS_mean_RTdiff,21,FALSE
11,e009,NS_mean_RTdiff,12,FALSE
11,e010,NS_mean_RTdiff,14.5,FALSE
11,e011,NS_mean_RTdiff,10.5,FALSE
11,e000,SB_accuracy,60,FALSE
11,e001,SB_accuracy,82,FALSE
11,e002,SB_accuracy,0,TRUE
11,e003,SB_accuracy,45,FALSE
11,e004,SB_accuracy,54,FALSE
11,e005,SB_accuracy,60,FALSE
11,e006,SB_accuracy,67,FALSE
11,e007,SB_accuracy,50,FALSE
11,e008,SB_accuracy,50,FALSE
11,e009,SB_accuracy,67,FALSE
11,e010,SB_accuracy,70,FALSE
11,e011,SB_accuracy,40,FALSE
11,e000,SL_accuracy,44,FALSE
11,e001,SL_accuracy,43,FALSE
11,e002,SL_accuracy,33,FALSE
11,e003,SL_accuracy,33,FALSE
11,e004,SL_accuracy,55,FALSE
11,e005,SL_accuracy,33,FALSE
11,e006,SL_accuracy,62,FALSE
11,e007,SL_accuracy,33,FALSE
11,e008,SL_accuracy,50,FALSE
11,e009,SL_accuracy,40,FALSE
11,e010,SL_accuracy,50,FALSE
11,e011,SL_accuracy,60,FALSE
11,e000,SR_accuracy,20,FALSE
11,e001,SR_accuracy,12,TRUE
11,e002,SR_accuracy,36,FALSE
11,e003,SR_accuracy,40,FALSE
11,e004,SR_accuracy,36,FALSE
11,e005,SR_accuracy,30,FALSE
11,e006,SR_accuracy,25,FALSE
11,e007,SR_accuracy,45,FALSE
11,e008,SR_accuracy,40,FALSE
11,e009,SR_accuracy,33,FALSE
11,e010,SR_accuracy,50,FALSE
11,e011,SR_accuracy,36,FALSE
12,e000,IG_accuracy,91,FALSE
12,e001,IG_accuracy,91,FALSE
12,e002,IG_accuracy,91,FALSE
12,e003,IG_accuracy,100,FALSE
12,e004,IG_accuracy,100,FALSE
12,e005,IG_accuracy,89,FALSE
12,e006,IG_accuracy,100,FALSE
12,e007,IG_accuracy,100,FALSE
12,e008,IG_accuracy,92,FALSE
12,e009,IG_accuracy,100,FALSE
12,e010,IG_accuracy,86,FALSE
12,e011,IG_accuracy,90,FALSE
12,e000,NS_accuracy,100,FALSE
12,e001,NS_accuracy,100,FALSE
12,e002,NS_accuracy,100,FALSE
12,e003,NS_accuracy,98.5,FALSE
12,e004,NS_accuracy,100,FALSE
12,e005,NS_accuracy,97,FALSE
12,e006,NS_accuracy,100,FALSE
12,e007,NS_accuracy,95,FALSE
12,e008,NS_accuracy,98.5,FALSE
12,e009,NS_accuracy,89.5,FALSE
12,e010,NS_accuracy,93.5,FALSE
12,e011,NS_accuracy,93.5,FALSE
12,e000,NS_mean_RT,562,FALSE
12,e001,NS_mean_RT,558.5,FALSE
12,e002,NS_mean_RT,579.5,FALSE
12,e003,NS_mean_RT,604.5,FALSE
12,e004,NS_mean_RT,619,FALSE
12,e005,NS_mean_RT,675.5,TRUE
12,e006,NS_mean_RT,602,FALSE
12,e007,NS_mean_RT,652.5,TRUE
12,e008,NS_mean_RT,646,FALSE
12,e009,NS_mean_RT,626,FALSE
12,e010,NS_mean_RT,630.5,FALSE
12,e011,NS_mean_RT,652.5,TRUE
12,e000,NS_mean_RTdiff,11.5,FALSE
12,e001,NS_mean_RTdiff,10.5,FALSE
12,e002,NS_mean_RTdiff,9,FALSE
12,e003,NS_mean_RTdiff,23,FALSE
12,e004,NS_mean_RTdiff,17,FALSE
12,e005,NS_mean_RTdiff,19,FALSE
12,e006,NS_mean_RTdiff,15.5,FALSE
12,e007,NS_mean_RTdiff,11.5,FALSE
12,e008,NS_mean_RTdiff,16,FALSE
12,e009,NS_mean_RTdiff,16,FALSE
12,e010,NS_mean_RTdiff,19.5,FALSE
12,e011,NS_mean_RTdiff,17.5,FALSE
12,e000,SB_accuracy,50,FALSE
12,e001,SB_accuracy,64,FALSE
12,e002,SB_accuracy,40,FALSE
12,e003,SB_accuracy,45,FALSE
12,e004,SB_accuracy,77,FALSE
12,e005,SB_accuracy,80,FALSE
12,e006,SB_accuracy,80,FALSE
12,e007,SB_accuracy,62,FALSE
12,e008,SB_accuracy,62,FALSE
12,e009,SB_accuracy,67,FALSE
12,e010,SB_accuracy,60,FALSE
12,e011,SB_accuracy,50,FALSE
12,e000,SL_accuracy,67,FALSE
12,e001,SL_accuracy,43,FALSE
12,e002,SL_accuracy,53,FALSE
12,e003,SL_accuracy,56,FALSE
12,e004,SL_accuracy,55,FALSE
12,e005,SL_accuracy,56,FALSE
12,e006,SL_accuracy,62,FALSE
12,e007,SL_accuracy,56,FALSE
12,e008,SL_accuracy,50,FALSE
12,e009,SL_accuracy,40,FALSE
12,e010,SL_accuracy,44,FALSE
12,e011,SL_accuracy,40,FALSE
12,e000,SR_accuracy,40,FALSE
12,e001,SR_accuracy,12,TRUE
12,e002,SR_accuracy,45,FALSE
12,e003,SR_accuracy,80,FALSE
12,e004,SR_accuracy,36,FALSE
12,e005,SR_accuracy,30,FALSE
12,e006,SR_accuracy,38,FALSE
12,e007,SR_accuracy,55,FALSE
12,e008,SR_accuracy,60,FALSE
12,e009,SR_accuracy,50,FALSE
12,e010,SR_accuracy,62,FALSE
12,e011,SR_accuracy,45,FALSE
13,e000,IG_accuracy,82,FALSE
13,e001,IG_accuracy,82,FALSE
13,e002,IG_accuracy,100,FALSE
13,e003,IG_accuracy,100,FALSE
13,e004,IG_accuracy,71,TRUE
13,e005,IG_accuracy,78,TRUE
13,e006,IG_accuracy,91,FALSE
13,e007,IG_accuracy,82,FALSE
13,e008,IG_accuracy,100,FALSE
13,e009,IG_accuracy,100,FALSE
13,e010,IG_accuracy,100,FALSE
13,e011,IG_accuracy,100,FALSE
13,e000,NS_accuracy,100,FALSE
13,e001,NS_accuracy,98.5,FALSE
13,e002,NS_accuracy,98.5,FALSE
13,e003,NS_accuracy,100,FALSE
13,e004,NS_accuracy,100,FALSE
13,e005,NS_accuracy,98.5,FALSE
13,e006,NS_accuracy,100,FALSE
13,e007,NS_accuracy,97,FALSE
13,e008,NS_accuracy,95,FALSE
13,e009,NS_accuracy,86.5,FALSE
13,e010,NS_accuracy,95,FALSE
13,e011,NS_accuracy,91.5,FALSE
13,e000,NS_mean_RT,624,FALSE
13,e001,NS_mean_RT,604.5,FALSE
13,e002,NS_mean_RT,628,FALSE
13,e003,NS_mean_RT,643.5,FALSE
13,e004,NS_mean_RT,631,FALSE
13,e005,NS_mean_RT,657,TRUE
13,e006,NS_mean_RT,597,FALSE
13,e007,NS_mean_RT,645,FALSE
13,e008,NS_mean_RT,683.5,TRUE
13,e009,NS_mean_RT,667.5,TRUE
13,e010,NS_mean_RT,664.5,TRUE
13,e011,NS_mean_RT,628,FALSE
13,e000,NS_mean_RTdiff,22,FALSE
13,e001,NS_mean_RTdiff,17.5,FALSE
13,e002,NS_mean_RTdiff,18,FALSE
13,e003,NS_mean_RTdiff,17.5,FALSE
13,e004,NS_mean_RTdiff,11.5,FALSE
13,e005,NS_mean_RTdiff,13.5,FALSE
13,e006,NS_mean_RTdiff,17,FALSE
13,e007,NS_mean_RTdiff,24,FALSE
13,e008,NS_mean_RTdiff,31,FALSE
13,e009,NS_mean_RTdiff,15,FALSE
13,e010,NS_mean_RTdiff,18,FALSE
13,e011,NS_mean_RTdiff,16,FALSE
13,e000,SB_accuracy,60,FALSE
13,e001,SB_accuracy,82,FALSE
13,e002,SB_accuracy,60,FALSE
13,e003,SB_accuracy,45,FALSE
13,e004,SB_accuracy,69,FALSE
13,e005,SB_accuracy,80,FALSE
13,e006,SB_accuracy,73,FALSE
13,e007,SB_accuracy,50,FALSE
13,e008,SB_accuracy,75,FALSE
13,e009,SB_accuracy,56,FALSE
13,e010,SB_accuracy,90,FALSE
13,e011,SB_accuracy,70,FALSE
13,e000,SL_accuracy,56,FALSE
13,e001,SL_accuracy,43,FALSE
13,e002,SL_accuracy,60,FALSE
13,e003,SL_accuracy,78,FALSE
13,e004,SL_accuracy,27,FALSE
13,e005,SL_accuracy,56,FALSE
13,e006,SL_accuracy,62,FALSE
13,e007,SL_accuracy,67,FALSE
13,e008,SL_accuracy,67,FALSE
13,e009,SL_accuracy,40,FALSE
13,e010,SL_accuracy,50,FALSE
13,e011,SL_accuracy,70,FALSE
13,e000,SR_accuracy,60,FALSE
13,e001,SR_accuracy,38,FALSE
13,e002,SR_accuracy,45,FALSE
13,e003,SR_accuracy,60,FALSE
13,e004,SR_accuracy,64,FALSE
13,e005,SR_accuracy,50,FALSE
13,e006,SR_accuracy,62,FALSE
13,e007,SR_accuracy,27,FALSE
13,e008,SR_accuracy,70,FALSE
13,e009,SR_accuracy,42,FALSE
13,e010,SR_accuracy,62,FALSE
13,e011,SR_accuracy,36,FALSE
14,e000,IG_accuracy,91,FALSE
14,e001,IG_accuracy,91,FALSE
14,e002,IG_accuracy,100,FALSE
14,e003,IG_accuracy,82,FALSE
14,e004,IG_accuracy,100,FALSE
14,e005,IG_accuracy,89,FALSE
14,e006,IG_accuracy,100,FALSE
14,e007,IG_accuracy,100,FALSE
14,e008,IG_accuracy,92,FALSE
14,e009,IG_accuracy,100,FALSE
14,e010,IG_accuracy,100,FALSE
14,e011,IG_accuracy,100,FALSE
14,e000,NS_accuracy,98.5,FALSE
14,e001,NS_accuracy,100,FALSE
14,e002,NS_accuracy,98.5,FALSE
14,e003,NS_accuracy,98.5,FALSE
14,e004,NS_accuracy,100,FALSE
14,e005,NS_accuracy,98.5,FALSE
14,e006,NS_accuracy,100,FALSE
14,e007,NS_accuracy,100,FALSE
14,e008,NS_accuracy,100,FALSE
14,e009,NS_accuracy,98.5,FALSE
14,e010,NS_accuracy,100,FALSE
14,e011,NS_accuracy,98.5,FALSE
14,e000,NS_mean_RT,593,FALSE
14,e001,NS_mean_RT,578,FALSE
14,e002,NS_mean_RT,584,FALSE
14,e003,NS_mean_RT,579.5,FALSE
14,e004,NS_mean_RT,569.5,FALSE
14,e005,NS_mean_RT,585.5,FALSE
14,e006,NS_mean_RT,596.5,FALSE
14,e007,NS_mean_RT,622,FALSE
14,e008,NS_mean_RT,607.5,FALSE
14,e009,NS_mean_RT,604,FALSE
14,e010,NS_mean_RT,575,FALSE
14,e011,NS_mean_RT,594,FALSE
14,e000,NS_mean_RTdiff,18.5,FALSE
14,e001,NS_mean_RTdiff,28,FALSE
14,e002,NS_mean_RTdiff,28.5,FALSE
14,e003,NS_mean_RTdiff,21,FALSE
14,e004,NS_mean_RTdiff,28,FALSE
14,e005,NS_mean_RTdiff,17,FALSE
14,e006,NS_mean_RTdiff,24,FALSE
14,e007,NS_mean_RTdiff,25,FALSE
14,e008,NS_mean_RTdiff,22.5,FALSE
14,e009,NS_mean_RTdiff,22.5,FALSE
14,e010,NS_mean_RTdiff,23,FALSE
14,e011,NS_mean_RTdiff,21.5,FALSE
14,e000,SB_accuracy,20,FALSE
14,e001,SB_accuracy,55,FALSE
14,e002,SB_accuracy,20,FALSE
14,e003,SB_accuracy,45,FALSE
14,e004,SB_accuracy,54,FALSE
14,e005,SB_accuracy,60,FALSE
14,e006,SB_accuracy,60,FALSE
14,e007,SB_accuracy,75,FALSE
14,e008,SB_accuracy,50,FALSE
14,e009,SB_accuracy,33,FALSE
14,e010,SB_accuracy,70,FALSE
14,e011,SB_accuracy,50,FALSE
14,e000,SL_accuracy,67,FALSE
14,e001,SL_accuracy,57,FALSE
14,e002,SL_accuracy,53,FALSE
14,e003,SL_accuracy,44,FALSE
14,e004,SL_accuracy,36,FALSE
14,e005,SL_accuracy,56,FALSE
14,e006,SL_accuracy,62,FALSE
14,e007,SL_accuracy,56,FALSE
14,e008,SL_accuracy,67,FALSE
14,e009,SL_accuracy,60,FALSE
14,e010,SL_accuracy,38,FALSE
14,e011,SL_accuracy,70,FALSE
14,e000,SR_accuracy,40,FALSE
14,e001,SR_accuracy,38,FALSE
14,e002,SR_accuracy,45,FALSE
14,e003,SR_accuracy,50,FALSE
14,e004,SR_accuracy,45,FALSE
14,e005,SR_accuracy,40,FALSE
14,e006,SR_accuracy,62,FALSE
14,e007,SR_accuracy,64,FALSE
14,e008,SR_accuracy,60,FALSE
14,e009,SR_accuracy,67,FALSE
14,e010,SR_accuracy,62,FALSE
14,e011,SR_accuracy,45,FALSE
15,e000,IG_accuracy,100,FALSE
15,e001,IG_accuracy,100,FALSE
15,e002,IG_accuracy,100,FALSE
15,e003,IG_accuracy,100,FALSE
15,e004,IG_accuracy,100,FALSE
15,e005,IG_accuracy,89,FALSE
15,e006,IG_accuracy,91,FALSE
15,e007,IG_accuracy,100,FALSE
15,e008,IG_accuracy,100,FALSE
15,e009,IG_accuracy,100,FALSE
15,e010,IG_accuracy,86,FALSE
15,e011,IG_accuracy,90,FALSE
15,e000,NS_accuracy,97,FALSE
15,e001,NS_accuracy,98.5,FALSE
15,e002,NS_accuracy,95,FALSE
15,e003,NS_accuracy,100,FALSE
15,e004,NS_accuracy,98.5,FALSE
15,e005,NS_accuracy,97,FALSE
15,e006,NS_accuracy,100,FALSE
15,e007,NS_accuracy,97,FALSE
15,e008,NS_accuracy,96.5,FALSE
15,e009,NS_accuracy,98.5,FALSE
15,e010,NS_accuracy,98.5,FALSE
15,e011,NS_accuracy,98.5,FALSE
15,e000,NS_mean_RT,567,FALSE
15,e001,NS_mean_RT,557,FALSE
15,e002,NS_mean_RT,547,FALSE
15,e003,NS_mean_RT,573,FALSE
15,e004,NS_mean_RT,565.5,FALSE
15,e005,NS_mean_RT,588,FALSE
15,e006,NS_mean_RT,563,FALSE
15,e007,NS_mean_RT,589,FALSE
15,e008,NS_mean_RT,563,FALSE
15,e009,NS_mean_RT,562,FALSE
15,e010,NS_mean_RT,572,FALSE
15,e011,NS_mean_RT,578.5,FALSE
15,e000,NS_mean_RTdiff,18,FALSE
15,e001,NS_mean_RTdiff,23,FALSE
15,e002,NS_mean_RTdiff,21.5,FALSE
15,e003,NS_mean_RTdiff,15.5,FALSE
15,e004,NS_mean_RTdiff,18.5,FALSE
15,e005,NS_mean_RTdiff,18.5,FALSE
15,e006,NS_mean_RTdiff,15,FALSE
15,e007,NS_mean_RTdiff,18,FALSE
15,e008,NS_mean_RTdiff,15.5,FALSE
15,e009,NS_mean_RTdiff,18.5,FALSE
15,e010,NS_mean_RTdiff,13,FALSE
15,e011,NS_mean_RTdiff,16,FALSE
15,e000,SB_accuracy,60,FALSE
15,e001,SB_accuracy,55,FALSE
15,e002,SB_accuracy,0,TRUE
15,e003,SB_accuracy,55,FALSE
15,e004,SB_accuracy,54,FALSE
15,e005,SB_accuracy,50,FALSE
15,e006,SB_accuracy,67,FALSE
15,e007,SB_accuracy,38,FALSE
15,e008,SB_accuracy,62,FALSE
15,e009,SB_accuracy,56,FALSE
15,e010,SB_accuracy,70,FALSE
15,e011,SB_accuracy,60,FALSE
15,e000,SL_accuracy,33,FALSE
15,e001,SL_accuracy,29,FALSE
15,e002,SL_accuracy,27,FALSE
15,e003,SL_accuracy,33,FALSE
15,e004,SL_accuracy,55,FALSE
15,e005,SL_accuracy,67,FALSE
15,e006,SL_accuracy,62,FALSE
15,e007,SL_accuracy,44,FALSE
15,e008,SL_accuracy,50,FALSE
15,e009,SL_accuracy,60,FALSE
15,e010,SL_accuracy,50,FALSE
15,e011,SL_accuracy,60,FALSE
15,e000,SR_accuracy,60,FALSE
15,e001,SR_accuracy,38,FALSE
15,e002,SR_accuracy,45,FALSE
15,e003,SR_accuracy,40,FALSE
15,e004,SR_accuracy,45,FALSE
15,e005,SR_accuracy,10,TRUE
15,e006,SR_accuracy,50,FALSE
15,e007,SR_accuracy,27,FALSE
15,e008,SR_accuracy,50,FALSE
15,e009,SR_accuracy,75,FALSE
15,e010,SR_accuracy,50,FALSE
15,e011,SR_accuracy,45,FALSE
16,e000,IG_accuracy,82,FALSE
16,e001,IG_accuracy,82,FALSE
16,e002,IG_accuracy,91,FALSE
16,e003,IG_accuracy,82,FALSE
16,e004,IG_accuracy,86,FALSE
16,e005,IG_accuracy,78,TRUE
16,e006,IG_accuracy,100,FALSE
16,e007,IG_accuracy,91,FALSE
16,e008,IG_accuracy,100,FALSE
16,e009,IG_accuracy,100,FALSE
16,e010,IG_accuracy,86,FALSE
16,e011,IG_accuracy,80,FALSE
16,e000,NS_accuracy,100,FALSE
16,e001,NS_accuracy,100,FALSE
16,e002,NS_accuracy,98.5,FALSE
16,e003,NS_accuracy,98.5,FALSE
16,e004,NS_accuracy,91.5,FALSE
16,e005,NS_accuracy,90.5,FALSE
16,e006,NS_accuracy,91.5,FALSE
16,e007,NS_accuracy,88.5,FALSE
16,e008,NS_accuracy,93,FALSE
16,e009,NS_accuracy,88,FALSE
16,e010,NS_accuracy,88.5,FALSE
16,e011,NS_accuracy,83,TRUE
16,e000,NS_mean_RT,548,FALSE
16,e001,NS_mean_RT,520.5,FALSE
16,e002,NS_mean_RT,561,FALSE
16,e003,NS_mean_RT,650.5,TRUE
16,e004,NS_mean_RT,607.5,FALSE
16,e005,NS_mean_RT,594.5,FALSE
16,e006,NS_mean_RT,610.5,FALSE
16,e007,NS_mean_RT,655,TRUE
16,e008,NS_mean_RT,587.5,FALSE
16,e009,NS_mean_RT,601,FALSE
16,e010,NS_mean_RT,631.5,FALSE
16,e011,NS_mean_RT,640.5,FALSE
16,e000,NS_mean_RTdiff,33,FALSE
16,e001,NS_mean_RTdiff,29.5,FALSE
16,e002,NS_mean_RTdiff,33,FALSE
16,e003,NS_mean_RTdiff,31.5,FALSE
16,e004,NS_mean_RTdiff,29,FALSE
16,e005,NS_mean_RTdiff,20.5,FALSE
16,e006,NS_mean_RTdiff,30,FALSE
16,e007,NS_mean_RTdiff,16,FALSE
16,e008,NS_mean_RTdiff,17.5,FALSE
16,e009,NS_mean_RTdiff,19.5,FALSE
16,e010,NS_mean_RTdiff,14.5,FALSE
16,e011,NS_mean_RTdiff,19.5,FALSE
16,e000,SB_accuracy,30,FALSE
16,e001,SB_accuracy,27,FALSE
16,e002,SB_accuracy,40,FALSE
16,e003,SB_accuracy,45,FALSE
16,e004,SB_accuracy,38,FALSE
16,e005,SB_accuracy,60,FALSE
16,e006,SB_accuracy,33,FALSE
16,e007,SB_accuracy,50,FALSE
16,e008,SB_accuracy,62,FALSE
16,e009,SB_accuracy,22,FALSE
16,e010,SB_accuracy,60,FALSE
16,e011,SB_accuracy,40,FALSE
16,e000,SL_accuracy,78,FALSE
16,e001,SL_accuracy,29,FALSE
16,e002,SL_accuracy,13,TRUE
16,e003,SL_accuracy,22,FALSE
16,e004,SL_accuracy,36,FALSE
16,e005,SL_accuracy,22,FALSE
16,e006,SL_accuracy,62,FALSE
16,e007,SL_accuracy,44,FALSE
16,e008,SL_accuracy,33,FALSE
16,e009,SL_accuracy,60,FALSE
16,e010,SL_accuracy,38,FALSE
16,e011,SL_accuracy,60,FALSE
16,e000,SR_accuracy,10,TRUE
16,e001,SR_accuracy,25,FALSE
16,e002,SR_accuracy,18,TRUE
16,e003,SR_accuracy,30,FALSE
16,e004,SR_accuracy,36,FALSE
16,e005,SR_accuracy,20,FALSE
16,e006,SR_accuracy,38,FALSE
16,e007,SR_accuracy,9,TRUE
16,e008,SR_accuracy,30,FALSE
16,e009,SR_accuracy,50,FALSE
16,e010,SR_accuracy,50,FALSE
16,e011,SR_accuracy,18,TRUE
17,e000,IG_accuracy,100,FALSE
17,e001,IG_accuracy,91,FALSE
17,e002,IG_accuracy,91,FALSE
17,e003,IG_accuracy,100,FALSE
17,e004,IG_accuracy,100,FALSE
17,e005,IG_accuracy,100,FALSE
17,e006,IG_accuracy,91,FALSE
17,e007,IG_accuracy,100,FALSE
17,e008,IG_accuracy,100,FALSE
17,e009,IG_accuracy,100,FALSE
17,e010,IG_accuracy,100,FALSE
17,e011,IG_accuracy,100,FALSE
17,e000,NS_accuracy,97,FALSE
17,e001,NS_accuracy,98.5,FALSE
17,e002,NS_accuracy,100,FALSE
17,e003,NS_accuracy,100,FALSE
17,e004,NS_accuracy,100,FALSE
17,e005,NS_accuracy,98.5,FALSE
17,e006,NS_accuracy,100,FALSE
17,e007,NS_accuracy,100,FALSE
17,e008,NS_accuracy,100,FALSE
17,e009,NS_accuracy,100,FALSE
17,e010,NS_accuracy,98.5,FALSE
17,e011,NS_accuracy,100,FALSE
17,e000,NS_mean_RT,499,FALSE
17,e001,NS_mean_RT,475,FALSE
17,e002,NS_mean_RT,499.5,FALSE
17,e003,NS_mean_RT,514,FALSE
17,e004,NS_mean_RT,546.5,FALSE
17,e005,NS_mean_RT,568,FALSE
17,e006,NS_mean_RT,532,FALSE
17,e007,NS_mean_RT,543,FALSE
17,e008,NS_mean_RT,523,FALSE
17,e009,NS_mean_RT,538,FALSE
17,e010,NS_mean_RT,520.5,FALSE
17,e011,NS_mean_RT,526,FALSE
17,e000,NS_mean_RTdiff,8.5,FALSE
17,e001,NS_mean_RTdiff,12.5,FALSE
17,e002,NS_mean_RTdiff,10.5,FALSE
17,e003,NS_mean_RTdiff,13,FALSE
17,e004,NS_mean_RTdiff,16.5,FALSE
17,e005,NS_mean_RTdiff,10.5,FALSE
17,e006,NS_mean_RTdiff,9,FALSE
17,e007,NS_mean_RTdiff,17.5,FALSE
17,e008,NS_mean_RTdiff,11.5,FALSE
17,e009,NS_mean_RTdiff,12.5,FALSE
17,e010,NS_mean_RTdiff,13,FALSE
17,e011,NS_mean_RTdiff,15,FALSE
17,e000,SB_accuracy,20,FALSE
17,e001,SB_accuracy,45,FALSE
17,e002,SB_accuracy,40,FALSE
17,e003,SB_accuracy,45,FALSE
17,e004,SB_accuracy,62,FALSE
17,e005,SB_accuracy,90,FALSE
17,e006,SB_accuracy,73,FALSE
17,e007,SB_accuracy,38,FALSE
17,e008,SB_accuracy,50,FALSE
17,e009,SB_accuracy,56,FALSE
17,e010,SB_accuracy,70,FALSE
17,e011,SB_accuracy,50,FALSE
17,e000,SL_accuracy,56,FALSE
17,e001,SL_accuracy,57,FALSE
17,e002,SL_accuracy,27,FALSE
17,e003,SL_accuracy,11,TRUE
17,e004,SL_accuracy,55,FALSE
17,e005,SL_accuracy,22,FALSE
17,e006,SL_accuracy,50,FALSE
17,e007,SL_accuracy,44,FALSE
17,e008,SL_accuracy,58,FALSE
17,e009,SL_accuracy,40,FALSE
17,e010,SL_accuracy,62,FALSE
17,e011,SL_accuracy,50,FALSE
17,e000,SR_accuracy,60,FALSE
17,e001,SR_accuracy,25,FALSE
17,e002,SR_accuracy,36,FALSE
17,e003,SR_accuracy,30,FALSE
17,e004,SR_accuracy,36,FALSE
17,e005,SR_accuracy,50,FALSE
17,e006,SR_accuracy,38,FALSE
17,e007,SR_accuracy,45,FALSE
17,e008,SR_accuracy,40,FALSE
17,e009,SR_accuracy,58,FALSE
17,e010,SR_accuracy,50,FALSE
17,e011,SR_accuracy,55,FALSE
18,e000,IG_accuracy,100,FALSE
18,e001,IG_accuracy,100,FALSE
18,e002,IG_accuracy,100,FALSE
18,e003,IG_accuracy,91,FALSE
18,e004,IG_accuracy,100,FALSE
18,e005,IG_accuracy,89,FALSE
18,e006,IG_accuracy,100,FALSE
18,e007,IG_accuracy,100,FALSE
18,e008,IG_accuracy,92,FALSE
18,e009,IG_accuracy,100,FALSE
18,e010,IG_accuracy,100,FALSE
18,e011,IG_accuracy,90,FALSE
18,e000,NS_accuracy,97,FALSE
18,e001,NS_accuracy,97,FALSE
18,e002,NS_accuracy,100,FALSE
18,e003,NS_accuracy,98.5,FALSE
18,e004,NS_accuracy,98.5,FALSE
18,e005,NS_accuracy,100,FALSE
18,e006,NS_accuracy,98.5,FALSE
18,e007,NS_accuracy,100,FALSE
18,e008,NS_accuracy,100,FALSE
18,e009,NS_accuracy,100,FALSE
18,e010,NS_accuracy,100,FALSE
18,e011,NS_accuracy,98.5,FALSE
18,e000,NS_mean_RT,537.5,FALSE
18,e001,NS_mean_RT,504,FALSE
18,e002,NS_mean_RT,527.5,FALSE
18,e003,NS_mean_RT,563,FALSE
18,e004,NS_mean_RT,548.5,FALSE
18,e005,NS_mean_RT,532.5,FALSE
18,e006,NS_mean_RT,553.5,FALSE
18,e007,NS_mean_RT,574.5,FALSE
18,e008,NS_mean_RT,558,FALSE
18,e009,NS_mean_RT,548.5,FALSE
18,e010,NS_mean_RT,578,FALSE
18,e011,NS_mean_RT,569.5,FALSE
18,e000,NS_mean_RTdiff,12.5,FALSE
18,e001,NS_mean_RTdiff,12.5,FALSE
18,e002,NS_mean_RTdiff,14,FALSE
18,e003,NS_mean_RTdiff,18.5,FALSE
18,e004,NS_mean_RTdiff,12.5,FALSE
18,e005,NS_mean_RTdiff,9.5,FALSE
18,e006,NS_mean_RTdiff,16.5,FALSE
18,e007,NS_mean_RTdiff,14,FALSE
18,e008,NS_mean_RTdiff,14,FALSE
18,e009,NS_mean_RTdiff,14,FALSE
18,e010,NS_mean_RTdiff,15.5,FALSE
18,e011,NS_mean_RTdiff,15.5,FALSE
18,e000,SB_accuracy,40,FALSE
18,e001,SB_accuracy,55,FALSE
18,e002,SB_accuracy,0,TRUE
18,e003,SB_accuracy,45,FALSE
18,e004,SB_accuracy,62,FALSE
18,e005,SB_accuracy,80,FALSE
18,e006,SB_accuracy,73,FALSE
18,e007,SB_accuracy,50,FALSE
18,e008,SB_accuracy,62,FALSE
18,e009,SB_accuracy,56,FALSE
18,e010,SB_accuracy,70,FALSE
18,e011,SB_accuracy,40,FALSE
18,e000,SL_accuracy,56,FALSE
18,e001,SL_accuracy,29,FALSE
18,e002,SL_accuracy,47,FALSE
18,e003,SL_accuracy,44,FALSE
18,e004,SL_accuracy,45,FALSE
18,e005,SL_accuracy,33,FALSE
18,e006,SL_accuracy,62,FALSE
18,e007,SL_accuracy,44,FALSE
18,e008,SL_accuracy,67,FALSE
18,e009,SL_accuracy,60,FALSE
18,e010,SL_accuracy,56,FALSE
18,e011,SL_accuracy,60,FALSE
18,e000,SR_accuracy,70,FALSE
18,e001,SR_accuracy,38,FALSE
18,e002,SR_accuracy,55,FALSE
18,e003,SR_accuracy,60,FALSE
18,e004,SR_accuracy,36,FALSE
18,e005,SR_accuracy,50,FALSE
18,e006,SR_accuracy,25,FALSE
18,e007,SR_accuracy,64,FALSE
18,e008,SR_accuracy,40,FALSE
18,e009,SR_accuracy,67,FALSE
18,e010,SR_accuracy,38,FALSE
18,e011,SR_accuracy,55,FALSE
19,e000,IG_accuracy,100,FALSE
19,e001,IG_accuracy,73,TRUE
19,e002,IG_accuracy,91,FALSE
19,e003,IG_accuracy,100,FALSE
19,e004,IG_accuracy,100,FALSE
19,e005,IG_accuracy,78,TRUE
19,e006,IG_accuracy,100,FALSE
19,e007,IG_accuracy,91,FALSE
19,e008,IG_accuracy,92,FALSE
19,e009,IG_accuracy,100,FALSE
19,e010,IG_accuracy,100,FALSE
19,e011,IG_accuracy,90,FALSE
19,e000,NS_accuracy,96.5,FALSE
19,e001,NS_accuracy,100,FALSE
19,e002,NS_accuracy,100,FALSE
19,e003,NS_accuracy,98.5,FALSE
19,e004,NS_accuracy,98.5,FALSE
19,e005,NS_accuracy,97,FALSE
19,e006,NS_accuracy,100,FALSE
19,e007,NS_accuracy,100,FALSE
19,e008,NS_accuracy,100,FALSE
19,e009,NS_accuracy,100,FALSE
19,e010,NS_accuracy,98.5,FALSE
19,e011,NS_accuracy,97,FALSE
19,e000,NS_mean_RT,524,FALSE
19,e001,NS_mean_RT,509.5,FALSE
19,e002,NS_mean_RT,534,FALSE
19,e003,NS_mean_RT,554,FALSE
19,e004,NS_mean_RT,540.5,FALSE
19,e005,NS_mean_RT,557,FALSE
19,e006,NS_mean_RT,534.5,FALSE
19,e007,NS_mean_RT,536,FALSE
19,e008,NS_mean_RT,538.5,FALSE
19,e009,NS_mean_RT,545.5,FALSE
19,e010,NS_mean_RT,549,FALSE
19,e011,NS_mean_RT,551,FALSE
19,e000,NS_mean_RTdiff,37.5,FALSE
19,e001,NS_mean_RTdiff,22,FALSE
19,e002,NS_mean_RTdiff,17.5,FALSE
19,e003,NS_mean_RTdiff,20.5,FALSE
19,e004,NS_mean_RTdiff,24,FALSE
19,e005,NS_mean_RTdiff,23.5,FALSE
19,e006,NS_mean_RTdiff,20.5,FALSE
19,e007,NS_mean_RTdiff,17,FALSE
19,e008,NS_mean_RTdiff,24,FALSE
19,e009,NS_mean_RTdiff,29,FALSE
19,e010,NS_mean_RTdiff,21,FALSE
19,e011,NS_mean_RTdiff,19.5,FALSE
19,e000,SB_accuracy,40,FALSE
19,e001,SB_accuracy,55,FALSE
19,e002,SB_accuracy,0,TRUE
19,e003,SB_accuracy,55,FALSE
19,e004,SB_accuracy,46,FALSE
19,e005,SB_accuracy,60,FALSE
19,e006,SB_accuracy,73,FALSE
19,e007,SB_accuracy,25,FALSE
19,e008,SB_accuracy,62,FALSE
19,e009,SB_accuracy,33,FALSE
19,e010,SB_accuracy,70,FALSE
19,e011,SB_accuracy,40,FALSE
19,e000,SL_accuracy,44,FALSE
19,e001,SL_accuracy,29,FALSE
19,e002,SL_accuracy,33,FALSE
19,e003,SL_accuracy,22,FALSE
19,e004,SL_accuracy,55,FALSE
19,e005,SL_accuracy,44,FALSE
19,e006,SL_accuracy,62,FALSE
19,e007,SL_accuracy,22,FALSE
19,e008,SL_accuracy,33,FALSE
19,e009,SL_accuracy,60,FALSE
19,e010,SL_accuracy,44,FALSE
19,e011,SL_accuracy,70,FALSE
19,e000,SR_accuracy,30,FALSE
19,e001,SR_accuracy,12,TRUE
19,e002,SR_accuracy,36,FALSE
19,e003,SR_accuracy,30,FALSE
19,e004,SR_accuracy,18,TRUE
19,e005,SR_accuracy,20,FALSE
19,e006,SR_accuracy,38,FALSE
19,e007,SR_accuracy,45,FALSE
19,e008,SR_accuracy,50,FALSE
19,e009,SR_accuracy,33,FALSE
19,e010,SR_accuracy,50,FALSE
19,e011,SR_accuracy,45,FALSE
20,e000,IG_accuracy,100,FALSE
20,e001,IG_accuracy,100,FALSE
20,e002,IG_accuracy,100,FALSE
20,e003,IG_accuracy,73,TRUE
20,e004,IG_accuracy,100,FALSE
20,e005,IG_accuracy,100,FALSE
20,e006,IG_accuracy,100,FALSE
20,e007,IG_accuracy,91,FALSE
20,e008,IG_accuracy,92,FALSE
20,e009,IG_accuracy,100,FALSE
20,e010,IG_accuracy,86,FALSE
20,e011,IG_accuracy,100,FALSE
20,e000,NS_accuracy,100,FALSE
20,e001,NS_accuracy,97,FALSE
20,e002,NS_accuracy,100,FALSE
20,e003,NS_accuracy,98.5,FALSE
20,e004,NS_accuracy,100,FALSE
20,e005,NS_accuracy,98.5,FALSE
20,e006,NS_accuracy,100,FALSE
20,e007,NS_accuracy,98.5,FALSE
20,e008,NS_accuracy,100,FALSE
20,e009,NS_accuracy,100,FALSE
20,e010,NS_accuracy,98.5,FALSE
20,e011,NS_accuracy,100,FALSE
20,e000,NS_mean_RT,547.5,FALSE
20,e001,NS_mean_RT,544,FALSE
20,e002,NS_mean_RT,596,FALSE
20,e003,NS_mean_RT,595,FALSE
20,e004,NS_mean_RT,646,FALSE
20,e005,NS_mean_RT,668.5,TRUE
20,e006,NS_mean_RT,587,FALSE
20,e007,NS_mean_RT,606.5,FALSE
20,e008,NS_mean_RT,643.5,FALSE
20,e009,NS_mean_RT,628,FALSE
20,e010,NS_mean_RT,635,FALSE
20,e011,NS_mean_RT,658.5,TRUE
20,e000,NS_mean_RTdiff,24,FALSE
20,e001,NS_mean_RTdiff,17.5,FALSE
20,e002,NS_mean_RTdiff,15,FALSE
20,e003,NS_mean_RTdiff,25.5,FALSE
20,e004,NS_mean_RTdiff,20,FALSE
20,e005,NS_mean_RTdiff,10.5,FALSE
20,e006,NS_mean_RTdiff,17.5,FALSE
20,e007,NS_mean_RTdiff,11,FALSE
20,e008,NS_mean_RTdiff,14,FALSE
20,e009,NS_mean_RTdiff,10.5,FALSE
20,e010,NS_mean_RTdiff,13,FALSE
20,e011,NS_mean_RTdiff,14,FALSE
20,e000,SB_accuracy,60,FALSE
20,e001,SB_accuracy,36,FALSE
20,e002,SB_accuracy,40,FALSE
20,e003,SB_accuracy,45,FALSE
20,e004,SB_accuracy,62,FALSE
20,e005,SB_accuracy,70,FALSE
20,e006,SB_accuracy,60,FALSE
20,e007,SB_accuracy,88,FALSE
20,e008,SB_accuracy,62,FALSE
20,e009,SB_accuracy,56,FALSE
20,e010,SB_accuracy,80,FALSE
20,e011,SB_accuracy,60,FALSE
20,e000,SL_accuracy,56,FALSE
20,e001,SL_accuracy,14,TRUE
20,e002,SL_accuracy,20,FALSE
20,e003,SL_accuracy,33,FALSE
20,e004,SL_accuracy,36,FALSE
20,e005,SL_accuracy,22,FALSE
20,e006,SL_accuracy,38,FALSE
20,e007,SL_accuracy,78,FALSE
20,e008,SL_accuracy,58,FALSE
20,e009,SL_accuracy,60,FALSE
20,e010,SL_accuracy,38,FALSE
20,e011,SL_accuracy,30,FALSE
20,e000,SR_accuracy,30,FALSE
20,e001,SR_accuracy,25,FALSE
20,e002,SR_accuracy,55,FALSE
20,e003,SR_accuracy,20,FALSE
20,e004,SR_accuracy,18,TRUE
20,e005,SR_accuracy,30,FALSE
20,e006,SR_accuracy,25,FALSE
20,e007,SR_accuracy,27,FALSE
20,e008,SR_accuracy,50,FALSE
20,e009,SR_accuracy,50,FALSE
20,e010,SR_accuracy,50,FALSE
20,e011,SR_accuracy,36,FALSE
21,e000,IG_accuracy,100,FALSE
21,e001,IG_accuracy,91,FALSE
21,e002,IG_accuracy,91,FALSE
21,e003,IG_accuracy,91,FALSE
21,e004,IG_accuracy,100,FALSE
21,e005,IG_accuracy,100,FALSE
21,e006,IG_accuracy,91,FALSE
21,e007,IG_accuracy,100,FALSE
21,e008,IG_accuracy,100,FALSE
21,e009,IG_accuracy,100,FALSE
21,e010,IG_accuracy,86,FALSE
21,e011,IG_accuracy,100,FALSE
21,e000,NS_accuracy,96.5,FALSE
21,e001,NS_accuracy,95,FALSE
21,e002,NS_accuracy,98.5,FALSE
21,e003,NS_accuracy,93,FALSE
21,e004,NS_accuracy,100,FALSE
21,e005,NS_accuracy,95.5,FALSE
21,e006,NS_accuracy,96.5,FALSE
21,e007,NS_accuracy,96.5,FALSE
21,e008,NS_accuracy,96.5,FALSE
21,e009,NS_accuracy,92.5,FALSE
21,e010,NS_accuracy,93.5,FALSE
21,e011,NS_accuracy,90,FALSE
21,e000,NS_mean_RT,554.5,FALSE
21,e001,NS_mean_RT,581.5,FALSE
21,e002,NS_mean_RT,585.5,FALSE
21,e003,NS_mean_RT,585,FALSE
21,e004,NS_mean_RT,580,FALSE
21,e005,NS_mean_RT,558.5,FALSE
21,e006,NS_mean_RT,546.5,FALSE
21,e007,NS_mean_RT,557,FALSE
21,e008,NS_mean_RT,533.5,FALSE
21,e009,NS_mean_RT,546,FALSE
21,e010,NS_mean_RT,554,FALSE
21,e011,NS_mean_RT,547,FALSE
21,e000,NS_mean_RTdiff,28,FALSE
21,e001,NS_mean_RTdiff,34,FALSE
21,e002,NS_mean_RTdiff,25.5,FALSE
21,e003,NS_mean_RTdiff,22,FALSE
21,e004,NS_mean_RTdiff,26.5,FALSE
21,e005,NS_mean_RTdiff,24.5,FALSE
21,e006,NS_mean_RTdiff,39.5,FALSE
21,e007,NS_mean_RTdiff,30.5,FALSE
21,e008,NS_mean_RTdiff,35,FALSE
21,e009,NS_mean_RTdiff,32.5,FALSE
21,e010,NS_mean_RTdiff,25,FALSE
21,e011,NS_mean_RTdiff,29.5,FALSE
21,e000,SB_accuracy,20,FALSE
21,e001,SB_accuracy,36,FALSE
21,e002,SB_accuracy,0,TRUE
21,e003,SB_accuracy,36,FALSE
21,e004,SB_accuracy,46,FALSE
21,e005,SB_accuracy,40,FALSE
21,e006,SB_accuracy,27,FALSE
21,e007,SB_accuracy,12,TRUE
21,e008,SB_accuracy,38,FALSE
21,e009,SB_accuracy,22,FALSE
21,e010,SB_accuracy,40,FALSE
21,e011,SB_accuracy,30,FALSE
21,e000,SL_accuracy,44,FALSE
21,e001,SL_accuracy,29,FALSE
21,e002,SL_accuracy,20,FALSE
21,e003,SL_accuracy,22,FALSE
21,e004,SL_accuracy,18,TRUE
21,e005,SL_accuracy,22,FALSE
21,e006,SL_accuracy,25,FALSE
21,e007,SL_accuracy,0,TRUE
21,e008,SL_accuracy,33,FALSE
21,e009,SL_accuracy,20,FALSE
21,e010,SL_accuracy,12,TRUE
21,e011,SL_accuracy,30,FALSE
21,e000,SR_accuracy,10,TRUE
21,e001,SR_accuracy,12,TRUE
21,e002,SR_accuracy,18,TRUE
21,e003,SR_accuracy,30,FALSE
21,e004,SR_accuracy,27,FALSE
21,e005,SR_accuracy,10,TRUE
21,e006,SR_accuracy,25,FALSE
21,e007,SR_accuracy,9,TRUE
21,e008,SR_accuracy,20,FALSE
21,e009,SR_accuracy,33,FALSE
21,e010,SR_accuracy,25,FALSE
21,e011,SR_accuracy,36,FALSE
22,e000,IG_accuracy,73,TRUE
22,e001,IG_accuracy,73,TRUE
22,e002,IG_accuracy,82,FALSE
22,e003,IG_accuracy,82,FALSE
22,e004,IG_accuracy,86,FALSE
22,e005,IG_accuracy,100,FALSE
22,e006,IG_accuracy,82,FALSE
22,e007,IG_accuracy,100,FALSE
22,e008,IG_accuracy,100,FALSE
22,e009,IG_accuracy,88,FALSE
22,e010,IG_accuracy,100,FALSE
22,e011,IG_accuracy,100,FALSE
22,e000,NS_accuracy,95,FALSE
22,e001,NS_accuracy,100,FALSE
22,e002,NS_accuracy,97,FALSE
22,e003,NS_accuracy,100,FALSE
22,e004,NS_accuracy,100,FALSE
22,e005,NS_accuracy,100,FALSE
22,e006,NS_accuracy,98.5,FALSE
22,e007,NS_accuracy,98.5,FALSE
22,e008,NS_accuracy,98.5,FALSE
22,e009,NS_accuracy,98.5,FALSE
22,e010,NS_accuracy,100,FALSE
22,e011,NS_accuracy,98.5,FALSE
22,e000,NS_mean_RT,553,FALSE
22,e001,NS_mean_RT,506,FALSE
22,e002,NS_mean_RT,515.5,FALSE
22,e003,NS_mean_RT,527,FALSE
22,e004,NS_mean_RT,538.5,FALSE
22,e005,NS_mean_RT,540,FALSE
22,e006,NS_mean_RT,508,FALSE
22,e007,NS_mean_RT,540,FALSE
22,e008,NS_mean_RT,504.5,FALSE
22,e009,NS_mean_RT,486,FALSE
22,e010,NS_mean_RT,512.5,FALSE
22,e011,NS_mean_RT,489,FALSE
22,e000,NS_mean_RTdiff,15,FALSE
22,e001,NS_mean_RTdiff,16,FALSE
22,e002,NS_mean_RTdiff,12.5,FALSE
22,e003,NS_mean_RTdiff,14.5,FALSE
22,e004,NS_mean_RTdiff,14.5,FALSE
22,e005,NS_mean_RTdiff,15,FALSE
22,e006,NS_mean_RTdiff,11,FALSE
22,e007,NS_mean_RTdiff,15,FALSE
22,e008,NS_mean_RTdiff,16,FALSE
22,e009,NS_mean_RTdiff,14.5,FALSE
22,e010,NS_mean_RTdiff,19,FALSE
22,e011,NS_mean_RTdiff,14.5,FALSE
22,e000,SB_accuracy,60,FALSE
22,e001,SB_accuracy,45,FALSE
22,e002,SB_accuracy,0,TRUE
22,e003,SB_accuracy,45,FALSE
22,e004,SB_accuracy,54,FALSE
22,e005,SB_accuracy,50,FALSE
22,e006,SB_accuracy,67,FALSE
22,e007,SB_accuracy,50,FALSE
22,e008,SB_accuracy,50,FALSE
22,e009,SB_accuracy,56,FALSE
22,e010,SB_accuracy,70,FALSE
22,e011,SB_accuracy,30,FALSE
22,e000,SL_accuracy,44,FALSE
22,e001,SL_accuracy,29,FALSE
22,e002,SL_accuracy,33,FALSE
22,e003,SL_accuracy,11,TRUE
22,e004,SL_accuracy,36,FALSE
22,e005,SL_accuracy,0,TRUE
22,e006,SL_accuracy,50,FALSE
22,e007,SL_accuracy,33,FALSE
22,e008,SL_accuracy,33,FALSE
22,e009,SL_accuracy,40,FALSE
22,e010,SL_accuracy,44,FALSE
22,e011,SL_accuracy,40,FALSE
22,e000,SR_accuracy,10,TRUE
22,e001,SR_accuracy,25,FALSE
22,e002,SR_accuracy,36,FALSE
22,e003,SR_accuracy,20,FALSE
22,e004,SR_accuracy,27,FALSE
22,e005,SR_accuracy,30,FALSE
22,e006,SR_accuracy,12,TRUE
22,e007,SR_accuracy,27,FALSE
22,e008,SR_accuracy,30,FALSE
22,e009,SR_accuracy,25,FALSE
22,e010,SR_accuracy,25,FALSE
22,e011,SR_accuracy,36,FALSE
23,e000,IG_accuracy,82,FALSE
23,e001,IG_accuracy,91,FALSE
23,e002,IG_accuracy,100,FALSE
23,e003,IG_accuracy,82,FALSE
23,e004,IG_accuracy,71,TRUE
23,e005,IG_accuracy,89,FALSE
23,e006,IG_accuracy,91,FALSE
23,e007,IG_accuracy,91,FALSE
23,e008,IG_accuracy,100,FALSE
23,e009,IG_accuracy,100,FALSE
23,e010,IG_accuracy,86,FALSE
23,e011,IG_accuracy,80,FALSE
23,e000,NS_accuracy,96.5,FALSE
23,e001,NS_accuracy,98.5,FALSE
23,e002,NS_accuracy,93,FALSE
23,e003,NS_accuracy,91.5,FALSE
23,e004,NS_accuracy,93.5,FALSE
23,e005,NS_accuracy,97,FALSE
23,e006,NS_accuracy,93,FALSE
23,e007,NS_accuracy,96.5,FALSE
23,e008,NS_accuracy,96.5,FALSE
23,e009,NS_accuracy,95.5,FALSE
23,e010,NS_accuracy,96.5,FALSE
23,e011,NS_accuracy,90,FALSE
23,e000,NS_mean_RT,681,TRUE
23,e001,NS_mean_RT,669.5,TRUE
23,e002,NS_mean_RT,596.5,FALSE
23,e003,NS_mean_RT,627.5,FALSE
23,e004,NS_mean_RT,589,FALSE
23,e005,NS_mean_RT,614,FALSE
23,e006,NS_mean_RT,560,FALSE
23,e007,NS_mean_RT,591.5,FALSE
23,e008,NS_mean_RT,567,FALSE
23,e009,NS_mean_RT,574.5,FALSE
23,e010,NS_mean_RT,622,FALSE
23,e011,NS_mean_RT,640,FALSE
23,e000,NS_mean_RTdiff,25,FALSE
23,e001,NS_mean_RTdiff,20,FALSE
23,e002,NS_mean_RTdiff,27.5,FALSE
23,e003,NS_mean_RTdiff,20.5,FALSE
23,e004,NS_mean_RTdiff,17.5,FALSE
23,e005,NS_mean_RTdiff,15,FALSE
23,e006,NS_mean_RTdiff,17.5,FALSE
23,e007,NS_mean_RTdiff,19,FALSE
23,e008,NS_mean_RTdiff,18.5,FALSE
23,e009,NS_mean_RTdiff,20.5,FALSE
23,e010,NS_mean_RTdiff,33,FALSE
23,e011,NS_mean_RTdiff,24,FALSE
23,e000,SB_accuracy,50,FALSE
23,e001,SB_accuracy,64,FALSE
23,e002,SB_accuracy,20,FALSE
23,e003,SB_accuracy,27,FALSE
23,e004,SB_accuracy,46,FALSE
23,e005,SB_accuracy,40,FALSE
23,e006,SB_accuracy,80,FALSE
23,e007,SB_accuracy,12,TRUE
23,e008,SB_accuracy,38,FALSE
23,e009,SB_accuracy,33,FALSE
23,e010,SB_accuracy,60,FALSE
23,e011,SB_accuracy,50,FALSE
23,e000,SL_accuracy,33,FALSE
23,e001,SL_accuracy,29,FALSE
23,e002,SL_accuracy,33,FALSE
23,e003,SL_accuracy,22,FALSE
23,e004,SL_accuracy,27,FALSE
23,e005,SL_accuracy,33,FALSE
23,e006,SL_accuracy,38,FALSE
23,e007,SL_accuracy,22,FALSE
23,e008,SL_accuracy,33,FALSE
23,e009,SL_accuracy,20,FALSE
23,e010,SL_accuracy,12,TRUE
23,e011,SL_accuracy,50,FALSE
23,e000,SR_accuracy,10,TRUE
23,e001,SR_accuracy,25,FALSE
23,e002,SR_accuracy,18,TRUE
23,e003,SR_accuracy,20,FALSE
23,e004,SR_accuracy,18,TRUE
23,e005,SR_accuracy,20,FALSE
23,e006,SR_accuracy,38,FALSE
23,e007,SR_accuracy,27,FALSE
23,e008,SR_accuracy,20,FALSE
23,e009,SR_accuracy,33,FALSE
23,e010,SR_accuracy,25,FALSE
23,e011,SR_accuracy,27,FALSE
24,e000,IG_accuracy,91,FALSE
24,e001,IG_accuracy,55,TRUE
24,e002,IG_accuracy,73,TRUE
24,e003,IG_accuracy,100,FALSE
24,e004,IG_accuracy,86,FALSE
24,e005,IG_accuracy,89,FALSE
24,e006,IG_accuracy,100,FALSE
24,e007,IG_accuracy,100,FALSE
24,e008,IG_accuracy,77,TRUE
24,e009,IG_accuracy,88,FALSE
24,e010,IG_accuracy,57,TRUE
24,e011,IG_accuracy,80,FALSE
24,e000,NS_accuracy,100,FALSE
24,e001,NS_accuracy,48,TRUE
24,e002,NS_accuracy,100,FALSE
24,e003,NS_accuracy,100,FALSE
24,e004,NS_accuracy,98.5,FALSE
24,e005,NS_accuracy,97,FALSE
24,e006,NS_accuracy,100,FALSE
24,e007,NS_accuracy,100,FALSE
24,e008,NS_accuracy,96.5,FALSE
24,e009,NS_accuracy,97,FALSE
24,e010,NS_accuracy,98.5,FALSE
24,e011,NS_accuracy,98.5,FALSE
24,e000,NS_mean_RT,599.5,FALSE
24,e001,NS_mean_RT,639.5,FALSE
24,e002,NS_mean_RT,625,FALSE
24,e003,NS_mean_RT,652,TRUE
24,e004,NS_mean_RT,620,FALSE
24,e005,NS_mean_RT,633,FALSE
24,e006,NS_mean_RT,617,FALSE
24,e007,NS_mean_RT,617.5,FALSE
24,e008,NS_mean_RT,597,FALSE
24,e009,NS_mean_RT,583,FALSE
24,e010,NS_mean_RT,615.5,FALSE
24,e011,NS_mean_RT,579,FALSE
24,e000,NS_mean_RTdiff,12,FALSE
24,e001,NS_mean_RTdiff,10.5,FALSE
24,e002,NS_mean_RTdiff,13.5,FALSE
24,e003,NS_mean_RTdiff,11.5,FALSE
24,e004,NS_mean_RTdiff,14,FALSE
24,e005,NS_mean_RTdiff,12,FALSE
24,e006,NS_mean_RTdiff,8.5,FALSE
24,e007,NS_mean_RTdiff,11.5,FALSE
24,e008,NS_mean_RTdiff,9.5,FALSE
24,e009,NS_mean_RTdiff,10,FALSE
24,e010,NS_mean_RTdiff,11,FALSE
24,e011,NS_mean_RTdiff,10,FALSE
24,e000,SB_accuracy,70,FALSE
24,e001,SB_accuracy,73,FALSE
24,e002,SB_accuracy,20,FALSE
24,e003,SB_accuracy,55,FALSE
24,e004,SB_accuracy,69,FALSE
24,e005,SB_accuracy,70,FALSE
24,e006,SB_accuracy,80,FALSE
24,e007,SB_accuracy,75,FALSE
24,e008,SB_accuracy,62,FALSE
24,e009,SB_accuracy,44,FALSE
24,e010,SB_accuracy,80,FALSE
24,e011,SB_accuracy,30,FALSE
24,e000,SL_accuracy,56,FALSE
24,e001,SL_accuracy,71,FALSE
24,e002,SL_accuracy,33,FALSE
24,e003,SL_accuracy,67,FALSE
24,e004,SL_accuracy,64,FALSE
24,e005,SL_accuracy,56,FALSE
24,e006,SL_accuracy,50,FALSE
24,e007,SL_accuracy,89,FALSE
24,e008,SL_accuracy,25,FALSE
24,e009,SL_accuracy,40,FALSE
24,e010,SL_accuracy,62,FALSE
24,e011,SL_accuracy,40,FALSE
24,e000,SR_accuracy,70,FALSE
24,e001,SR_accuracy,38,FALSE
24,e002,SR_accuracy,27,FALSE
24,e003,SR_accuracy,30,FALSE
24,e004,SR_accuracy,36,FALSE
24,e005,SR_accuracy,40,FALSE
24,e006,SR_accuracy,38,FALSE
24,e007,SR_accuracy,64,FALSE
24,e008,SR_accuracy,50,FALSE
24,e009,SR_accuracy,42,FALSE
24,e010,SR_accuracy,38,FALSE
24,e011,SR_accuracy,45,FALSE
25,e000,IG_accuracy,100,FALSE
25,e001,IG_accuracy,91,FALSE
25,e002,IG_accuracy,100,FALSE
25,e003,IG_accuracy,82,FALSE
25,e004,IG_accuracy,100,FALSE
25,e005,IG_accuracy,89,FALSE
25,e006,IG_accuracy,91,FALSE
25,e007,IG_accuracy,82,FALSE
25,e008,IG_accuracy,100,FALSE
25,e009,IG_accuracy,100,FALSE
25,e010,IG_accuracy,100,FALSE
25,e011,IG_accuracy,100,FALSE
25,e000,NS_accuracy,100,FALSE
25,e001,NS_accuracy,100,FALSE
25,e002,NS_accuracy,96.5,FALSE
25,e003,NS_accuracy,100,FALSE
25,e004,NS_accuracy,98.5,FALSE
25,e005,NS_accuracy,100,FALSE
25,e006,NS_accuracy,100,FALSE
25,e007,NS_accuracy,100,FALSE
25,e008,NS_accuracy,100,FALSE
25,e009,NS_accuracy,98.5,FALSE
25,e010,NS_accuracy,98.5,FALSE
25,e011,NS_accuracy,98.5,FALSE
25,e000,NS_mean_RT,596,FALSE
25,e001,NS_mean_RT,534.5,FALSE
25,e002,NS_mean_RT,546,FALSE
25,e003,NS_mean_RT,563.5,FALSE
25,e004,NS_mean_RT,537.5,FALSE
25,e005,NS_mean_RT,554,FALSE
25,e006,NS_mean_RT,540,FALSE
25,e007,NS_mean_RT,541.5,FALSE
25,e008,NS_mean_RT,534,FALSE
25,e009,NS_mean_RT,533.5,FALSE
25,e010,NS_mean_RT,574.5,FALSE
25,e011,NS_mean_RT,545,FALSE
25,e000,NS_mean_RTdiff,9,FALSE
25,e001,NS_mean_RTdiff,14.5,FALSE
25,e002,NS_mean_RTdiff,18.5,FALSE
25,e003,NS_mean_RTdiff,20,FALSE
25,e004,NS_mean_RTdiff,10.5,FALSE
25,e005,NS_mean_RTdiff,16,FALSE
25,e006,NS_mean_RTdiff,8.5,FALSE
25,e007,NS_mean_RTdiff,15.5,FALSE
25,e008,NS_mean_RTdiff,13.5,FALSE
25,e009,NS_mean_RTdiff,15,FALSE
25,e010,NS_mean_RTdiff,14.5,FALSE
25,e011,NS_mean_RTdiff,14,FALSE
25,e000,SB_accuracy,30,FALSE
25,e001,SB_accuracy,27,FALSE
25,e002,SB_accuracy,0,TRUE
25,e003,SB_accuracy,36,FALSE
25,e004,SB_accuracy,38,FALSE
25,e005,SB_accuracy,40,FALSE
25,e006,SB_accuracy,47,FALSE
25,e007,SB_accuracy,38,FALSE
25,e008,SB_accuracy,50,FALSE
25,e009,SB_accuracy,33,FALSE
25,e010,SB_accuracy,20,FALSE
25,e011,SB_accuracy,30,FALSE
25,e000,SL_accuracy,33,FALSE
25,e001,SL_accuracy,43,FALSE
25,e002,SL_accuracy,13,TRUE
25,e003,SL_accuracy,0,TRUE
25,e004,SL_accuracy,36,FALSE
25,e005,SL_accuracy,33,FALSE
25,e006,SL_accuracy,38,FALSE
25,e007,SL_accuracy,22,FALSE
25,e008,SL_accuracy,17,TRUE
25,e009,SL_accuracy,40,FALSE
25,e010,SL_accuracy,25,FALSE
25,e011,SL_accuracy,60,FALSE
25,e000,SR_accuracy,40,FALSE
25,e001,SR_accuracy,0,TRUE
25,e002,SR_accuracy,27,FALSE
25,e003,SR_accuracy,0,TRUE
25,e004,SR_accuracy,18,TRUE
25,e005,SR_accuracy,20,FALSE
25,e006,SR_accuracy,12,TRUE
25,e007,SR_accuracy,18,TRUE
25,e008,SR_accuracy,0,TRUE
25,e009,SR_accuracy,25,FALSE
25,e010,SR_accuracy,38,FALSE
25,e011,SR_accuracy,36,FALSE
26,e000,IG_accuracy,82,FALSE
26,e001,IG_accuracy,82,FALSE
26,e002,IG_accuracy,82,FALSE
26,e003,IG_accuracy,73,TRUE
26,e004,IG_accuracy,86,FALSE
26,e005,IG_accuracy,89,FALSE
26,e006,IG_accuracy,100,FALSE
26,e007,IG_accuracy,100,FALSE
26,e008,IG_accuracy,92,FALSE
26,e009,IG_accuracy,100,FALSE
26,e010,IG_accuracy,86,FALSE
26,e011,IG_accuracy,80,FALSE
26,e000,NS_accuracy,98.5,FALSE
26,e001,NS_accuracy,97,FALSE
26,e002,NS_accuracy,100,FALSE
26,e003,NS_accuracy,98.5,FALSE
26,e004,NS_accuracy,98.5,FALSE
26,e005,NS_accuracy,98.5,FALSE
26,e006,NS_accuracy,98.5,FALSE
26,e007,NS_accuracy,98.5,FALSE
26,e008,NS_accuracy,100,FALSE
26,e009,NS_accuracy,95.5,FALSE
26,e010,NS_accuracy,100,FALSE
26,e011,NS_accuracy,95,FALSE
26,e000,NS_mean_RT,606,FALSE
26,e001,NS_mean_RT,610,FALSE
26,e002,NS_mean_RT,625,FALSE
26,e003,NS_mean_RT,656.5,TRUE
26,e004,NS_mean_RT,631,FALSE
26,e005,NS_mean_RT,655,TRUE
26,e006,NS_mean_RT,591,FALSE
26,e007,NS_mean_RT,600.5,FALSE
26,e008,NS_mean_RT,604.5,FALSE
26,e009,NS_mean_RT,604.5,FALSE
26,e010,NS_mean_RT,660,TRUE
26,e011,NS_mean_RT,639.5,FALSE
26,e000,NS_mean_RTdiff,23.5,FALSE
26,e001,NS_mean_RTdiff,22,FALSE
26,e002,NS_mean_RTdiff,21,FALSE
26,e003,NS_mean_RTdiff,21.5,FALSE
26,e004,NS_mean_RTdiff,17,FALSE
26,e005,NS_mean_RTdiff,21,FALSE
26,e006,NS_mean_RTdiff,20,FALSE
26,e007,NS_mean_RTdiff,19.5,FALSE
26,e008,NS_mean_RTdiff,21.5,FALSE
26,e009,NS_mean_RTdiff,19,FALSE
26,e010,NS_mean_RTdiff,17.5,FALSE
26,e011,NS_mean_RTdiff,24.5,FALSE
26,e000,SB_accuracy,50,FALSE
26,e001,SB_accuracy,64,FALSE
26,e002,SB_accuracy,20,FALSE
26,e003,SB_accuracy,55,FALSE
26,e004,SB_accuracy,69,FALSE
26,e005,SB_accuracy,80,FALSE
26,e006,SB_accuracy,60,FALSE
26,e007,SB_accuracy,62,FALSE
26,e008,SB_accuracy,38,FALSE
26,e009,SB_accuracy,56,FALSE
26,e010,SB_accuracy,60,FALSE
26,e011,SB_accuracy,20,FALSE
26,e000,SL_accuracy,22,FALSE
26,e001,SL_accuracy,43,FALSE
26,e002,SL_accuracy,33,FALSE
26,e003,SL_accuracy,33,FALSE
26,e004,SL_accuracy,18,TRUE
26,e005,SL_accuracy,33,FALSE
26,e006,SL_accuracy,25,FALSE
26,e007,SL_accuracy,33,FALSE
26,e008,SL_accuracy,25,FALSE
26,e009,SL_accuracy,40,FALSE
26,e010,SL_accuracy,25,FALSE
26,e011,SL_accuracy,40,FALSE
26,e000,SR_accuracy,30,FALSE
26,e001,SR_accuracy,62,FALSE
26,e002,SR_accuracy,45,FALSE
26,e003,SR_accuracy,50,FALSE
26,e004,SR_accuracy,27,FALSE
26,e005,SR_accuracy,20,FALSE
26,e006,SR_accuracy,12,TRUE
26,e007,SR_accuracy,18,TRUE
26,e008,SR_accuracy,40,FALSE
26,e009,SR_accuracy,25,FALSE
26,e010,SR_accuracy,25,FALSE
26,e011,SR_accuracy,45,FALSE
27,e000,IG_accuracy,100,FALSE
27,e001,IG_accuracy,82,FALSE
27,e002,IG_accuracy,91,FALSE
27,e003,IG_accuracy,91,FALSE
27,e004,IG_accuracy,100,FALSE
27,e005,IG_accuracy,89,FALSE
27,e006,IG_accuracy,91,FALSE
27,e007,IG_accuracy,82,FALSE
27,e008,IG_accuracy,100,FALSE
27,e009,IG_accuracy,75,TRUE
27,e010,IG_accuracy,100,FALSE
27,e011,IG_accuracy,90,FALSE
27,e000,NS_accuracy,100,FALSE
27,e001,NS_accuracy,95,FALSE
27,e002,NS_accuracy,96.5,FALSE
27,e003,NS_accuracy,98.5,FALSE
27,e004,NS_accuracy,96.5,FALSE
27,e005,NS_accuracy,93.5,FALSE
27,e006,NS_accuracy,100,FALSE
27,e007,NS_accuracy,98.5,FALSE
27,e008,NS_accuracy,96.5,FALSE
27,e009,NS_accuracy,91,FALSE
27,e010,NS_accuracy,90,FALSE
27,e011,NS_accuracy,91.5,FALSE
27,e000,NS_mean_RT,626.5,FALSE
27,e001,NS_mean_RT,641.5,FALSE
27,e002,NS_mean_RT,598.5,FALSE
27,e003,NS_mean_RT,631.5,FALSE
27,e004,NS_mean_RT,663.5,TRUE
27,e005,NS_mean_RT,755.5,TRUE
27,e006,NS_mean_RT,705.5,TRUE
27,e007,NS_mean_RT,613,FALSE
27,e008,NS_mean_RT,630,FALSE
27,e009,NS_mean_RT,624.5,FALSE
27,e010,NS_mean_RT,620,FALSE
27,e011,NS_mean_RT,644,FALSE
27,e000,NS_mean_RTdiff,13,FALSE
27,e001,NS_mean_RTdiff,19,FALSE
27,e002,NS_mean_RTdiff,19,FALSE
27,e003,NS_mean_RTdiff,23,FALSE
27,e004,NS_mean_RTdiff,17.5,FALSE
27,e005,NS_mean_RTdiff,20.5,FALSE
27,e006,NS_mean_RTdiff,9,FALSE
27,e007,NS_mean_RTdiff,17,FALSE
27,e008,NS_mean_RTdiff,27,FALSE
27,e009,NS_mean_RTdiff,16.5,FALSE
27,e010,NS_mean_RTdiff,26,FALSE
27,e011,NS_mean_RTdiff,21,FALSE
27,e000,SB_accuracy,60,FALSE
27,e001,SB_accuracy,55,FALSE
27,e002,SB_accuracy,40,FALSE
27,e003,SB_accuracy,64,FALSE
27,e004,SB_accuracy,69,FALSE
27,e005,SB_accuracy,80,FALSE
27,e006,SB_accuracy,93,FALSE
27,e007,SB_accuracy,50,FALSE
27,e008,SB_accuracy,62,FALSE
27,e009,SB_accuracy,44,FALSE
27,e010,SB_accuracy,80,FALSE
27,e011,SB_accuracy,50,FALSE
27,e000,SL_accuracy,67,FALSE
27,e001,SL_accuracy,43,FALSE
27,e002,SL_accuracy,67,FALSE
27,e003,SL_accuracy,56,FALSE
27,e004,SL_accuracy,36,FALSE
27,e005,SL_accuracy,44,FALSE
27,e006,SL_accuracy,88,FALSE
27,e007,SL_accuracy,56,FALSE
27,e008,SL_accuracy,50,FALSE
27,e009,SL_accuracy,40,FALSE
27,e010,SL_accuracy,50,FALSE
27,e011,SL_accuracy,90,FALSE
27,e000,SR_accuracy,50,FALSE
27,e001,SR_accuracy,50,FALSE
27,e002,SR_accuracy,55,FALSE
27,e003,SR_accuracy,50,FALSE
27,e004,SR_accuracy,55,FALSE
27,e005,SR_accuracy,40,FALSE
27,e006,SR_accuracy,50,FALSE
27,e007,SR_accuracy,36,FALSE
27,e008,SR_accuracy,50,FALSE
27,e009,SR_accuracy,33,FALSE
27,e010,SR_accuracy,38,FALSE
27,e011,SR_accuracy,27,FALSE
28,e000,IG_accuracy,100,FALSE
28,e001,IG_accuracy,100,FALSE
28,e002,IG_accuracy,91,FALSE
28,e003,IG_accuracy,82,FALSE
28,e004,IG_accuracy,86,FALSE
28,e005,IG_accuracy,78,TRUE
28,e006,IG_accuracy,9,TRUE
28,e007,IG_accuracy,100,FALSE
28,e008,IG_accuracy,85,FALSE
28,e009,IG_accuracy,100,FALSE
28,e010,IG_accuracy,86,FALSE
28,e011,IG_accuracy,90,FALSE
28,e000,NS_accuracy,98.5,FALSE
28,e001,NS_accuracy,95,FALSE
28,e002,NS_accuracy,91.5,FALSE
28,e003,NS_accuracy,95,FALSE
28,e004,NS_accuracy,88,FALSE
28,e005,NS_accuracy,95.5,FALSE
28,e006,NS_accuracy,14,TRUE
28,e007,NS_accuracy,95.5,FALSE
28,e008,NS_accuracy,98,FALSE
28,e009,NS_accuracy,94,FALSE
28,e010,NS_accuracy,95,FALSE
28,e011,NS_accuracy,98.5,FALSE
28,e000,NS_mean_RT,522,FALSE
28,e001,NS_mean_RT,513,FALSE
28,e002,NS_mean_RT,559,FALSE
28,e003,NS_mean_RT,556.5,FALSE
28,e004,NS_mean_RT,564,FALSE
28,e005,NS_mean_RT,571.5,FALSE
28,e006,NS_mean_RT,634,FALSE
28,e007,NS_mean_RT,627,FALSE
28,e008,NS_mean_RT,619,FALSE
28,e009,NS_mean_RT,560.5,FALSE
28,e010,NS_mean_RT,589.5,FALSE
28,e011,NS_mean_RT,563,FALSE
28,e000,NS_mean_RTdiff,14,FALSE
28,e001,NS_mean_RTdiff,21,FALSE
28,e002,NS_mean_RTdiff,12.5,FALSE
28,e003,NS_mean_RTdiff,29.5,FALSE
28,e004,NS_mean_RTdiff,22,FALSE
28,e005,NS_mean_RTdiff,15,FALSE
28,e006,NS_mean_RTdiff,100,TRUE
28,e007,NS_mean_RTdiff,14,FALSE
28,e008,NS_mean_RTdiff,12,FALSE
28,e009,NS_mean_RTdiff,16,FALSE
28,e010,NS_mean_RTdiff,22,FALSE
28,e011,NS_mean_RTdiff,22.5,FALSE
28,e000,SB_accuracy,10,TRUE
28,e001,SB_accuracy,45,FALSE
28,e002,SB_accuracy,0,TRUE
28,e003,SB_accuracy,36,FALSE
28,e004,SB_accuracy,46,FALSE
28,e005,SB_accuracy,50,FALSE
28,e006,SB_accuracy,53,FALSE
28,e007,SB_accuracy,50,FALSE
28,e008,SB_accuracy,62,FALSE
28,e009,SB_accuracy,44,FALSE
28,e010,SB_accuracy,50,FALSE
28,e011,SB_accuracy,50,FALSE
28,e000,SL_accuracy,22,FALSE
28,e001,SL_accuracy,14,TRUE
28,e002,SL_accuracy,13,TRUE
28,e003,SL_accuracy,11,TRUE
28,e004,SL_accuracy,27,FALSE
28,e005,SL_accuracy,11,TRUE
28,e006,SL_accuracy,25,FALSE
28,e007,SL_accuracy,33,FALSE
28,e008,SL_accuracy,17,TRUE
28,e009,SL_accuracy,60,FALSE
28,e010,SL_accuracy,38,FALSE
28,e011,SL_accuracy,30,FALSE
28,e000,SR_accuracy,30,FALSE
28,e001,SR_accuracy,12,TRUE
28,e002,SR_accuracy,45,FALSE
28,e003,SR_accuracy,20,FALSE
28,e004,SR_accuracy,27,FALSE
28,e005,SR_accuracy,30,FALSE
28,e006,SR_accuracy,12,TRUE
28,e007,SR_accuracy,18,TRUE
28,e008,SR_accuracy,10,TRUE
28,e009,SR_accuracy,33,FALSE
28,e010,SR_accuracy,38,FALSE
28,e011,SR_accuracy,36,FALSE
29,e000,IG_accuracy,100,FALSE
29,e001,IG_accuracy,100,FALSE
29,e002,IG_accuracy,91,FALSE
29,e003,IG_accuracy,82,FALSE
29,e004,IG_accuracy,100,FALSE
29,e005,IG_accuracy,100,FALSE
29,e006,IG_accuracy,100,FALSE
29,e007,IG_accuracy,100,FALSE
29,e008,IG_accuracy,100,FALSE
29,e009,IG_accuracy,100,FALSE
29,e010,IG_accuracy,100,FALSE
29,e011,IG_accuracy,100,FALSE
29,e000,NS_accuracy,97,FALSE
29,e001,NS_accuracy,98.5,FALSE
29,e002,NS_accuracy,95,FALSE
29,e003,NS_accuracy,84.5,TRUE
29,e004,NS_accuracy,97,FALSE
29,e005,NS_accuracy,95,FALSE
29,e006,NS_accuracy,95,FALSE
29,e007,NS_accuracy,98.5,FALSE
29,e008,NS_accuracy,98,FALSE
29,e009,NS_accuracy,94,FALSE
29,e010,NS_accuracy,95,FALSE
29,e011,NS_accuracy,86.5,FALSE
29,e000,NS_mean_RT,614.5,FALSE
29,e001,NS_mean_RT,615.5,FALSE
29,e002,NS_mean_RT,612,FALSE
29,e003,NS_mean_RT,643.5,FALSE
29,e004,NS_mean_RT,600,FALSE
29,e005,NS_mean_RT,607,FALSE
29,e006,NS_mean_RT,614,FALSE
29,e007,NS_mean_RT,649,FALSE
29,e008,NS_mean_RT,586.5,FALSE
29,e009,NS_mean_RT,630.5,FALSE
29,e010,NS_mean_RT,613,FALSE
29,e011,NS_mean_RT,592.5,FALSE
29,e000,NS_mean_RTdiff,20,FALSE
29,e001,NS_mean_RTdiff,19.5,FALSE
29,e002,NS_mean_RTdiff,19,FALSE
29,e003,NS_mean_RTdiff,20.5,FALSE
29,e004,NS_mean_RTdiff,26.5,FALSE
29,e005,NS_mean_RTdiff,23,FALSE
29,e006,NS_mean_RTdiff,16,FALSE
29,e007,NS_mean_RTdiff,22,FALSE
29,e008,NS_mean_RTdiff,21.5,FALSE
29,e009,NS_mean_RTdiff,25.5,FALSE
29,e010,NS_mean_RTdiff,14,FALSE
29,e011,NS_mean_RTdiff,23,FALSE
29,e000,SB_accuracy,40,FALSE
29,e001,SB_accuracy,45,FALSE
29,e002,SB_accuracy,20,FALSE
29,e003,SB_accuracy,36,FALSE
29,e004,SB_accuracy,38,FALSE
29,e005,SB_accuracy,50,FALSE
29,e006,SB_accuracy,60,FALSE
29,e007,SB_accuracy,62,FALSE
29,e008,SB_accuracy,50,FALSE
29,e009,SB_accuracy,44,FALSE
29,e010,SB_accuracy,50,FALSE
29,e011,SB_accuracy,20,FALSE
29,e000,SL_accuracy,56,FALSE
29,e001,SL_accuracy,43,FALSE
29,e002,SL_accuracy,27,FALSE
29,e003,SL_accuracy,33,FALSE
29,e004,SL_accuracy,18,TRUE
29,e005,SL_accuracy,56,FALSE
29,e006,SL_accuracy,50,FALSE
29,e007,SL_accuracy,78,FALSE
29,e008,SL_accuracy,42,FALSE
29,e009,SL_accuracy,20,FALSE
29,e010,SL_accuracy,50,FALSE
29,e011,SL_accuracy,40,FALSE
29,e000,SR_accuracy,50,FALSE
29,e001,SR_accuracy,12,TRUE
29,e002,SR_accuracy,36,FALSE
29,e003,SR_accuracy,30,FALSE
29,e004,SR_accuracy,27,FALSE
29,e005,SR_accuracy,10,TRUE
29,e006,SR_accuracy,25,FALSE
29,e007,SR_accuracy,9,TRUE
29,e008,SR_accuracy,10,TRUE
29,e009,SR_accuracy,42,FALSE
29,e010,SR_accuracy,25,FALSE
29,e011,SR_accuracy,27,FALSE
30,e000,IG_accuracy,91,FALSE
30,e001,IG_accuracy,100,FALSE
30,e002,IG_accuracy,100,FALSE
30,e003,IG_accuracy,91,FALSE
30,e004,IG_accuracy,86,FALSE
30,e005,IG_accuracy,89,FALSE
30,e006,IG_accuracy,100,FALSE
30,e007,IG_accuracy,100,FALSE
30,e008,IG_accuracy,92,FALSE
30,e009,IG_accuracy,100,FALSE
30,e010,IG_accuracy,86,FALSE
30,e011,IG_accuracy,100,FALSE
30,e000,NS_accuracy,97,FALSE
30,e001,NS_accuracy,100,FALSE
30,e002,NS_accuracy,98.5,FALSE
30,e003,NS_accuracy,100,FALSE
30,e004,NS_accuracy,98.5,FALSE
30,e005,NS_accuracy,98.5,FALSE
30,e006,NS_accuracy,100,FALSE
30,e007,NS_accuracy,100,FALSE
30,e008,NS_accuracy,100,FALSE
30,e009,NS_accuracy,97,FALSE
30,e010,NS_accuracy,98.5,FALSE
30,e011,NS_accuracy,98.5,FALSE
30,e000,NS_mean_RT,580,FALSE
30,e001,NS_mean_RT,595,FALSE
30,e002,NS_mean_RT,633.5,FALSE
30,e003,NS_mean_RT,613,FALSE
30,e004,NS_mean_RT,618.5,FALSE
30,e005,NS_mean_RT,652,TRUE
30,e006,NS_mean_RT,575.5,FALSE
30,e007,NS_mean_RT,638.5,FALSE
30,e008,NS_mean_RT,564.5,FALSE
30,e009,NS_mean_RT,610,FALSE
30,e010,NS_mean_RT,648,FALSE
30,e011,NS_mean_RT,615,FALSE
30,e000,NS_mean_RTdiff,21,FALSE
30,e001,NS_mean_RTdiff,21,FALSE
30,e002,NS_mean_RTdiff,20,FALSE
30,e003,NS_mean_RTdiff,23,FALSE
30,e004,NS_mean_RTdiff,24.5,FALSE
30,e005,NS_mean_RTdiff,26,FALSE
30,e006,NS_mean_RTdiff,16,FALSE
30,e007,NS_mean_RTdiff,15,FALSE
30,e008,NS_mean_RTdiff,15,FALSE
30,e009,NS_mean_RTdiff,23.5,FALSE
30,e010,NS_mean_RTdiff,15,FALSE
30,e011,NS_mean_RTdiff,13,FALSE
30,e000,SB_accuracy,20,FALSE
30,e001,SB_accuracy,45,FALSE
30,e002,SB_accuracy,0,TRUE
30,e003,SB_accuracy,45,FALSE
30,e004,SB_accuracy,54,FALSE
30,e005,SB_accuracy,60,FALSE
30,e006,SB_accuracy,60,FALSE
30,e007,SB_accuracy,75,FALSE
30,e008,SB_accuracy,50,FALSE
30,e009,SB_accuracy,44,FALSE
30,e010,SB_accuracy,40,FALSE
30,e011,SB_accuracy,40,FALSE
30,e000,SL_accuracy,44,FALSE
30,e001,SL_accuracy,29,FALSE
30,e002,SL_accuracy,27,FALSE
30,e003,SL_accuracy,56,FALSE
30,e004,SL_accuracy,45,FALSE
30,e005,SL_accuracy,56,FALSE
30,e006,SL_accuracy,38,FALSE
30,e007,SL_accuracy,33,FALSE
30,e008,SL_accuracy,58,FALSE
30,e009,SL_accuracy,20,FALSE
30,e010,SL_accuracy,50,FALSE
30,e011,SL_accuracy,60,FALSE
30,e000,SR_accuracy,30,FALSE
30,e001,SR_accuracy,12,TRUE
30,e002,SR_accuracy,36,FALSE
30,e003,SR_accuracy,30,FALSE
30,e004,SR_accuracy,27,FALSE
30,e005,SR_accuracy,0,TRUE
30,e006,SR_accuracy,50,FALSE
30,e007,SR_accuracy,36,FALSE
30,e008,SR_accuracy,30,FALSE
30,e009,SR_accuracy,50,FALSE
30,e010,SR_accuracy,50,FALSE
30,e011,SR_accuracy,27,FALSE
31,e000,IG_accuracy,91,FALSE
31,e001,IG_accuracy,100,FALSE
31,e002,IG_accuracy,91,FALSE
31,e003,IG_accuracy,100,FALSE
31,e004,IG_accuracy,71,TRUE
31,e005,IG_accuracy,100,FALSE
31,e006,IG_accuracy,100,FALSE
31,e007,IG_accuracy,100,FALSE
31,e008,IG_accuracy,100,FALSE
31,e009,IG_accuracy,100,FALSE
31,e010,IG_accuracy,100,FALSE
31,e011,IG_accuracy,100,FALSE
31,e000,NS_accuracy,100,FALSE
31,e001,NS_accuracy,98.5,FALSE
31,e002,NS_accuracy,100,FALSE
31,e003,NS_accuracy,98.5,FALSE
31,e004,NS_accuracy,98.5,FALSE
31,e005,NS_accuracy,100,FALSE
31,e006,NS_accuracy,100,FALSE
31,e007,NS_accuracy,95,FALSE
31,e008,NS_accuracy,100,FALSE
31,e009,NS_accuracy,100,FALSE
31,e010,NS_accuracy,100,FALSE
31,e011,NS_accuracy,100,FALSE
31,e000,NS_mean_RT,565,FALSE
31,e001,NS_mean_RT,650.5,TRUE
31,e002,NS_mean_RT,628,FALSE
31,e003,NS_mean_RT,606.5,FALSE
31,e004,NS_mean_RT,639,FALSE
31,e005,NS_mean_RT,587,FALSE
31,e006,NS_mean_RT,590,FALSE
31,e007,NS_mean_RT,624,FALSE
31,e008,NS_mean_RT,620.5,FALSE
31,e009,NS_mean_RT,627,FALSE
31,e010,NS_mean_RT,621.5,FALSE
31,e011,NS_mean_RT,649,FALSE
31,e000,NS_mean_RTdiff,25.5,FALSE
31,e001,NS_mean_RTdiff,14.5,FALSE
31,e002,NS_mean_RTdiff,21,FALSE
31,e003,NS_mean_RTdiff,27,FALSE
31,e004,NS_mean_RTdiff,20,FALSE
31,e005,NS_mean_RTdiff,14.5,FALSE
31,e006,NS_mean_RTdiff,18.5,FALSE
31,e007,NS_mean_RTdiff,18.5,FALSE
31,e008,NS_mean_RTdiff,16.5,FALSE
31,e009,NS_mean_RTdiff,26.5,FALSE
31,e010,NS_mean_RTdiff,24,FALSE
31,e011,NS_mean_RTdiff,18,FALSE
31,e000,SB_accuracy,40,FALSE
31,e001,SB_accuracy,64,FALSE
31,e002,SB_accuracy,60,FALSE
31,e003,SB_accuracy,55,FALSE
31,e004,SB_accuracy,62,FALSE
31,e005,SB_accuracy,80,FALSE
31,e006,SB_accuracy,73,FALSE
31,e007,SB_accuracy,75,FALSE
31,e008,SB_accuracy,62,FALSE
31,e009,SB_accuracy,67,FALSE
31,e010,SB_accuracy,80,FALSE
31,e011,SB_accuracy,50,FALSE
31,e000,SL_accuracy,78,FALSE
31,e001,SL_accuracy,43,FALSE
31,e002,SL_accuracy,53,FALSE
31,e003,SL_accuracy,44,FALSE
31,e004,SL_accuracy,36,FALSE
31,e005,SL_accuracy,44,FALSE
31,e006,SL_accuracy,50,FALSE
31,e007,SL_accuracy,56,FALSE
31,e008,SL_accuracy,67,FALSE
31,e009,SL_accuracy,80,FALSE
31,e010,SL_accuracy,44,FALSE
31,e011,SL_accuracy,50,FALSE
31,e000,SR_accuracy,70,FALSE
31,e001,SR_accuracy,62,FALSE
31,e002,SR_accuracy,55,FALSE
31,e003,SR_accuracy,70,FALSE
31,e004,SR_accuracy,55,FALSE
31,e005,SR_accuracy,30,FALSE
31,e006,SR_accuracy,50,FALSE
31,e007,SR_accuracy,64,FALSE
31,e008,SR_accuracy,40,FALSE
31,e009,SR_accuracy,67,FALSE
31,e010,SR_accuracy,88,FALSE
31,e011,SR_accuracy,55,FALSE
32,e000,IG_accuracy,91,FALSE
32,e001,IG_accuracy,91,FALSE
32,e002,IG_accuracy,91,FALSE
32,e003,IG_accuracy,73,TRUE
32,e004,IG_accuracy,86,FALSE
32,e005,IG_accuracy,89,FALSE
32,e006,IG_accuracy,91,FALSE
32,e007,IG_accuracy,100,FALSE
32,e008,IG_accuracy,92,FALSE
32,e009,IG_accuracy,100,FALSE
32,e010,IG_accuracy,100,FALSE
32,e011,IG_accuracy,100,FALSE
32,e000,NS_accuracy,100,FALSE
32,e001,NS_accuracy,95.5,FALSE
32,e002,NS_accuracy,98.5,FALSE
32,e003,NS_accuracy,98.5,FALSE
32,e004,NS_accuracy,100,FALSE
32,e005,NS_accuracy,100,FALSE
32,e006,NS_accuracy,98.5,FALSE
32,e007,NS_accuracy,100,FALSE
32,e008,NS_accuracy,100,FALSE
32,e009,NS_accuracy,100,FALSE
32,e010,NS_accuracy,100,FALSE
32,e011,NS_accuracy,100,FALSE
32,e000,NS_mean_RT,547.5,FALSE
32,e001,NS_mean_RT,493,FALSE
32,e002,NS_mean_RT,528.5,FALSE
32,e003,NS_mean_RT,525.5,FALSE
32,e004,NS_mean_RT,526.5,FALSE
32,e005,NS_mean_RT,521.5,FALSE
32,e006,NS_mean_RT,516,FALSE
32,e007,NS_mean_RT,527,FALSE
32,e008,NS_mean_RT,499,FALSE
32,e009,NS_mean_RT,496,FALSE
32,e010,NS_mean_RT,505,FALSE
32,e011,NS_mean_RT,512,FALSE
32,e000,NS_mean_RTdiff,29,FALSE
32,e001,NS_mean_RTdiff,22,FALSE
32,e002,NS_mean_RTdiff,26.5,FALSE
32,e003,NS_mean_RTdiff,23.5,FALSE
32,e004,NS_mean_RTdiff,21,FALSE
32,e005,NS_mean_RTdiff,31.5,FALSE
32,e006,NS_mean_RTdiff,21,FALSE
32,e007,NS_mean_RTdiff,27.5,FALSE
32,e008,NS_mean_RTdiff,24.5,FALSE
32,e009,NS_mean_RTdiff,19,FALSE
32,e010,NS_mean_RTdiff,22.5,FALSE
32,e011,NS_mean_RTdiff,15.5,FALSE
32,e000,SB_accuracy,30,FALSE
32,e001,SB_accuracy,45,FALSE
32,e002,SB_accuracy,0,TRUE
32,e003,SB_accuracy,36,FALSE
32,e004,SB_accuracy,54,FALSE
32,e005,SB_accuracy,50,FALSE
32,e006,SB_accuracy,67,FALSE
32,e007,SB_accuracy,25,FALSE
32,e008,SB_accuracy,50,FALSE
32,e009,SB_accuracy,22,FALSE
32,e010,SB_accuracy,50,FALSE
32,e011,SB_accuracy,30,FALSE
32,e000,SL_accuracy,56,FALSE
32,e001,SL_accuracy,29,FALSE
32,e002,SL_accuracy,27,FALSE
32,e003,SL_accuracy,0,TRUE
32,e004,SL_accuracy,27,FALSE
32,e005,SL_accuracy,33,FALSE
32,e006,SL_accuracy,38,FALSE
32,e007,SL_accuracy,44,FALSE
32,e008,SL_accuracy,42,FALSE
32,e009,SL_accuracy,20,FALSE
32,e010,SL_accuracy,38,FALSE
32,e011,SL_accuracy,70,FALSE
32,e000,SR_accuracy,50,FALSE
32,e001,SR_accuracy,25,FALSE
32,e002,SR_accuracy,36,FALSE
32,e003,SR_accuracy,40,FALSE
32,e004,SR_accuracy,45,FALSE
32,e005,SR_accuracy,40,FALSE
32,e006,SR_accuracy,50,FALSE
32,e007,SR_accuracy,36,FALSE
32,e008,SR_accuracy,40,FALSE
32,e009,SR_accuracy,25,FALSE
32,e010,SR_accuracy,38,FALSE
32,e011,SR_accuracy,18,TRUE
33,e000,IG_accuracy,91,FALSE
33,e001,IG_accuracy,82,FALSE
33,e002,IG_accuracy,100,FALSE
33,e003,IG_accuracy,91,FALSE
33,e004,IG_accuracy,100,FALSE
33,e005,IG_accuracy,100,FALSE
33,e006,IG_accuracy,91,FALSE
33,e007,IG_accuracy,100,FALSE
33,e008,IG_accuracy,85,FALSE
33,e009,IG_accuracy,88,FALSE
33,e010,IG_accuracy,86,FALSE
33,e011,IG_accuracy,100,FALSE
33,e000,NS_accuracy,97,FALSE
33,e001,NS_accuracy,97,FALSE
33,e002,NS_accuracy,97,FALSE
33,e003,NS_accuracy,98.5,FALSE
33,e004,NS_accuracy,98.5,FALSE
33,e005,NS_accuracy,95,FALSE
33,e006,NS_accuracy,97,FALSE
33,e007,NS_accuracy,100,FALSE
33,e008,NS_accuracy,95,FALSE
33,e009,NS_accuracy,98.5,FALSE
33,e010,NS_accuracy,98.5,FALSE
33,e011,NS_accuracy,98.5,FALSE
33,e000,NS_mean_RT,586.5,FALSE
33,e001,NS_mean_RT,587,FALSE
33,e002,NS_mean_RT,618.5,FALSE
33,e003,NS_mean_RT,646,FALSE
33,e004,NS_mean_RT,614,FALSE
33,e005,NS_mean_RT,592,FALSE
33,e006,NS_mean_RT,565.5,FALSE
33,e007,NS_mean_RT,606,FALSE
33,e008,NS_mean_RT,598.5,FALSE
33,e009,NS_mean_RT,662.5,TRUE
33,e010,NS_mean_RT,620.5,FALSE
33,e011,NS_mean_RT,606,FALSE
33,e000,NS_mean_RTdiff,13.5,FALSE
33,e001,NS_mean_RTdiff,7,FALSE
33,e002,NS_mean_RTdiff,10,FALSE
33,e003,NS_mean_RTdiff,12.5,FALSE
33,e004,NS_mean_RTdiff,9.5,FALSE
33,e005,NS_mean_RTdiff,11.5,FALSE
33,e006,NS_mean_RTdiff,10.5,FALSE
33,e007,NS_mean_RTdiff,15,FALSE
33,e008,NS_mean_RTdiff,11.5,FALSE
33,e009,NS_mean_RTdiff,8.5,FALSE
33,e010,NS_mean_RTdiff,10,FALSE
33,e011,NS_mean_RTdiff,10,FALSE
33,e000,SB_accuracy,20,FALSE
33,e001,SB_accuracy,64,FALSE
33,e002,SB_accuracy,20,FALSE
33,e003,SB_accuracy,45,FALSE
33,e004,SB_accuracy,62,FALSE
33,e005,SB_accuracy,60,FALSE
33,e006,SB_accuracy,73,FALSE
33,e007,SB_accuracy,50,FALSE
33,e008,SB_accuracy,50,FALSE
33,e009,SB_accuracy,44,FALSE
33,e010,SB_accuracy,60,FALSE
33,e011,SB_accuracy,60,FALSE
33,e000,SL_accuracy,33,FALSE
33,e001,SL_accuracy,29,FALSE
33,e002,SL_accuracy,47,FALSE
33,e003,SL_accuracy,56,FALSE
33,e004,SL_accuracy,36,FALSE
33,e005,SL_accuracy,56,FALSE
33,e006,SL_accuracy,50,FALSE
33,e007,SL_accuracy,89,FALSE
33,e008,SL_accuracy,50,FALSE
33,e009,SL_accuracy,80,FALSE
33,e010,SL_accuracy,50,FALSE
33,e011,SL_accuracy,80,FALSE
33,e000,SR_accuracy,60,FALSE
33,e001,SR_accuracy,25,FALSE
33,e002,SR_accuracy,45,FALSE
33,e003,SR_accuracy,50,FALSE
33,e004,SR_accuracy,36,FALSE
33,e005,SR_accuracy,30,FALSE
33,e006,SR_accuracy,12,TRUE
33,e007,SR_accuracy,55,FALSE
33,e008,SR_accuracy,80,FALSE
33,e009,SR_accuracy,67,FALSE
33,e010,SR_accuracy,75,FALSE
33,e011,SR_accuracy,55,FALSE
34,e000,IG_accuracy,82,FALSE
34,e001,IG_accuracy,82,FALSE
34,e002,IG_accuracy,100,FALSE
34,e003,IG_accuracy,82,FALSE
34,e004,IG_accuracy,86,FALSE
34,e005,IG_accuracy,89,FALSE
34,e006,IG_accuracy,100,FALSE
34,e007,IG_accuracy,100,FALSE
34,e008,IG_accuracy,100,FALSE
34,e009,IG_accuracy,88,FALSE
34,e010,IG_accuracy,100,FALSE
34,e011,IG_accuracy,100,FALSE
34,e000,NS_accuracy,98.5,FALSE
34,e001,NS_accuracy,100,FALSE
34,e002,NS_accuracy,100,FALSE
34,e003,NS_accuracy,100,FALSE
34,e004,NS_accuracy,100,FALSE
34,e005,NS_accuracy,100,FALSE
34,e006,NS_accuracy,97,FALSE
34,e007,NS_accuracy,100,FALSE
34,e008,NS_accuracy,100,FALSE
34,e009,NS_accuracy,100,FALSE
34,e010,NS_accuracy,100,FALSE
34,e011,NS_accuracy,98.5,FALSE
34,e000,NS_mean_RT,577.5,FALSE
34,e001,NS_mean_RT,610.5,FALSE
34,e002,NS_mean_RT,641.5,FALSE
34,e003,NS_mean_RT,612,FALSE
34,e004,NS_mean_RT,605.5,FALSE
34,e005,NS_mean_RT,567.5,FALSE
34,e006,NS_mean_RT,561.5,FALSE
34,e007,NS_mean_RT,572,FALSE
34,e008,NS_mean_RT,588,FALSE
34,e009,NS_mean_RT,565,FALSE
34,e010,NS_mean_RT,584.5,FALSE
34,e011,NS_mean_RT,595.5,FALSE
34,e000,NS_mean_RTdiff,8,FALSE
34,e001,NS_mean_RTdiff,8,FALSE
34,e002,NS_mean_RTdiff,10.5,FALSE
34,e003,NS_mean_RTdiff,9.5,FALSE
34,e004,NS_mean_RTdiff,16,FALSE
34,e005,NS_mean_RTdiff,10,FALSE
34,e006,NS_mean_RTdiff,19.5,FALSE
34,e007,NS_mean_RTdiff,8,FALSE
34,e008,NS_mean_RTdiff,13,FALSE
34,e009,NS_mean_RTdiff,10,FALSE
34,e010,NS_mean_RTdiff,8,FALSE
34,e011,NS_mean_RTdiff,20.5,FALSE
34,e000,SB_accuracy,40,FALSE
34,e001,SB_accuracy,64,FALSE
34,e002,SB_accuracy,80,FALSE
34,e003,SB_accuracy,55,FALSE
34,e004,SB_accuracy,92,FALSE
34,e005,SB_accuracy,90,FALSE
34,e006,SB_accuracy,67,FALSE
34,e007,SB_accuracy,62,FALSE
34,e008,SB_accuracy,62,FALSE
34,e009,SB_accuracy,44,FALSE
34,e010,SB_accuracy,80,FALSE
34,e011,SB_accuracy,50,FALSE
34,e000,SL_accuracy,67,FALSE
34,e001,SL_accuracy,71,FALSE
34,e002,SL_accuracy,60,FALSE
34,e003,SL_accuracy,67,FALSE
34,e004,SL_accuracy,55,FALSE
34,e005,SL_accuracy,56,FALSE
34,e006,SL_accuracy,62,FALSE
34,e007,SL_accuracy,67,FALSE
34,e008,SL_accuracy,58,FALSE
34,e009,SL_accuracy,80,FALSE
34,e010,SL_accuracy,50,FALSE
34,e011,SL_accuracy,80,FALSE
34,e000,SR_accuracy,60,FALSE
34,e001,SR_accuracy,38,FALSE
34,e002,SR_accuracy,55,FALSE
34,e003,SR_accuracy,60,FALSE
34,e004,SR_accuracy,45,FALSE
34,e005,SR_accuracy,50,FALSE
34,e006,SR_accuracy,62,FALSE
34,e007,SR_accuracy,55,FALSE
34,e008,SR_accuracy,60,FALSE
34,e009,SR_accuracy,58,FALSE
34,e010,SR_accuracy,50,FALSE
34,e011,SR_accuracy,45,FALSE
35,e000,IG_accuracy,91,FALSE
35,e001,IG_accuracy,82,FALSE
35,e002,IG_accuracy,100,FALSE
35,e003,IG_accuracy,82,FALSE
35,e004,IG_accuracy,100,FALSE
35,e005,IG_accuracy,67,TRUE
35,e006,IG_accuracy,73,TRUE
35,e007,IG_accuracy,100,FALSE
35,e008,IG_accuracy,100,FALSE
35,e009,IG_accuracy,100,FALSE
35,e010,IG_accuracy,100,FALSE
35,e011,IG_accuracy,100,FALSE
35,e000,NS_accuracy,97,FALSE
35,e001,NS_accuracy,100,FALSE
35,e002,NS_accuracy,100,FALSE
35,e003,NS_accuracy,100,FALSE
35,e004,NS_accuracy,100,FALSE
35,e005,NS_accuracy,100,FALSE
35,e006,NS_accuracy,98.5,FALSE
35,e007,NS_accuracy,98.5,FALSE
35,e008,NS_accuracy,100,FALSE
35,e009,NS_accuracy,100,FALSE
35,e010,NS_accuracy,100,FALSE
35,e011,NS_accuracy,96.5,FALSE
35,e000,NS_mean_RT,593,FALSE
35,e001,NS_mean_RT,617,FALSE
35,e002,NS_mean_RT,632.5,FALSE
35,e003,NS_mean_RT,605.5,FALSE
35,e004,NS_mean_RT,592,FALSE
35,e005,NS_mean_RT,598,FALSE
35,e006,NS_mean_RT,639.5,FALSE
35,e007,NS_mean_RT,615,FALSE
35,e008,NS_mean_RT,645.5,FALSE
35,e009,NS_mean_RT,615,FALSE
35,e010,NS_mean_RT,593.5,FALSE
35,e011,NS_mean_RT,607,FALSE
35,e000,NS_mean_RTdiff,7.5,FALSE
35,e001,NS_mean_RTdiff,8.5,FALSE
35,e002,NS_mean_RTdiff,10,FALSE
35,e003,NS_mean_RTdiff,9,FALSE
35,e004,NS_mean_RTdiff,8.5,FALSE
35,e005,NS_mean_RTdiff,9,FALSE
35,e006,NS_mean_RTdiff,11,FALSE
35,e007,NS_mean_RTdiff,8.5,FALSE
35,e008,NS_mean_RTdiff,8,FALSE
35,e009,NS_mean_RTdiff,9.5,FALSE
35,e010,NS_mean_RTdiff,9,FALSE
35,e011,NS_mean_RTdiff,8,FALSE
35,e000,SB_accuracy,50,FALSE
35,e001,SB_accuracy,73,FALSE
35,e002,SB_accuracy,40,FALSE
35,e003,SB_accuracy,55,FALSE
35,e004,SB_accuracy,62,FALSE
35,e005,SB_accuracy,70,FALSE
35,e006,SB_accuracy,80,FALSE
35,e007,SB_accuracy,75,FALSE
35,e008,SB_accuracy,62,FALSE
35,e009,SB_accuracy,67,FALSE
35,e010,SB_accuracy,80,FALSE
35,e011,SB_accuracy,40,FALSE
35,e000,SL_accuracy,67,FALSE
35,e001,SL_accuracy,57,FALSE
35,e002,SL_accuracy,60,FALSE
35,e003,SL_accuracy,78,FALSE
35,e004,SL_accuracy,45,FALSE
35,e005,SL_accuracy,67,FALSE
35,e006,SL_accuracy,38,FALSE
35,e007,SL_accuracy,56,FALSE
35,e008,SL_accuracy,58,FALSE
35,e009,SL_accuracy,60,FALSE
35,e010,SL_accuracy,38,FALSE
35,e011,SL_accuracy,70,FALSE
35,e000,SR_accuracy,40,FALSE
35,e001,SR_accuracy,38,FALSE
35,e002,SR_accuracy,36,FALSE
35,e003,SR_accuracy,50,FALSE
35,e004,SR_accuracy,36,FALSE
35,e005,SR_accuracy,30,FALSE
35,e006,SR_accuracy,75,FALSE
35,e007,SR_accuracy,55,FALSE
35,e008,SR_accuracy,70,FALSE
35,e009,SR_accuracy,58,FALSE
35,e010,SR_accuracy,62,FALSE
35,e011,SR_accuracy,27,FALSE
