subjectIx,blockId,block_type,attempt,criterion,performance,failed
0,p000,NS,1,IG_accuracy,NaN,NA
0,p000,NS,1,NS_accuracy,88,FALSE
0,p000,NS,1,NS_mean_RT,486,FALSE
0,p000,NS,1,NS_mean_RTdiff,10,FALSE
0,p000,NS,1,SB_accuracy,NaN,NA
0,p000,NS,1,SL_accuracy,NaN,NA
0,p000,NS,1,SR_accuracy,NaN,NA
0,p001,AS,1,IG_accuracy,NaN,NA
0,p001,AS,1,NS_accuracy,67,TRUE
0,p001,AS,1,NS_mean_RT,676,TRUE
0,p001,AS,1,NS_mean_RTdiff,18,FALSE
0,p001,AS,1,SB_accuracy,NaN,NA
0,p001,AS,1,SL_accuracy,30,FALSE
0,p001,AS,1,SR_accuracy,35,FALSE
0,p001,AS,2,IG_accuracy,NaN,NA
0,p001,AS,2,NS_accuracy,97,FALSE
0,p001,AS,2,NS_mean_RT,629,FALSE
0,p001,AS,2,NS_mean_RTdiff,18,FALSE
0,p001,AS,2,SB_accuracy,NaN,NA
0,p001,AS,2,SL_accuracy,60,FALSE
0,p001,AS,2,SR_accuracy,50,FALSE
0,p002,SS,1,IG_accuracy,95,FALSE
0,p002,SS,1,NS_accuracy,97,FALSE
0,p002,SS,1,NS_mean_RT,608,FALSE
0,p002,SS,1,NS_mean_RTdiff,10,FALSE
0,p002,SS,1,SB_accuracy,50,FALSE
0,p002,SS,1,SL_accuracy,NaN,NA
0,p002,SS,1,SR_accuracy,NaN,NA
0,p003,mixed,1,IG_accuracy,90,FALSE
0,p003,mixed,1,NS_accuracy,100,FALSE
0,p003,mixed,1,NS_mean_RT,625,FALSE
0,p003,mixed,1,NS_mean_RTdiff,6,FALSE
0,p003,mixed,1,SB_accuracy,70,FALSE
0,p003,mixed,1,SL_accuracy,70,FALSE
0,p003,mixed,1,SR_accuracy,70,FALSE
1,p000,NS,1,IG_accuracy,NaN,NA
1,p000,NS,1,NS_accuracy,92,FALSE
1,p000,NS,1,NS_mean_RT,519,FALSE
1,p000,NS,1,NS_mean_RTdiff,9,FALSE
1,p000,NS,1,SB_accuracy,NaN,NA
1,p000,NS,1,SL_accuracy,NaN,NA
1,p000,NS,1,SR_accuracy,NaN,NA
1,p001,SS,1,IG_accuracy,90,FALSE
1,p001,SS,1,NS_accuracy,97,FALSE
1,p001,SS,1,NS_mean_RT,607,FALSE
1,p001,SS,1,NS_mean_RTdiff,27,FALSE
1,p001,SS,1,SB_accuracy,35,FALSE
1,p001,SS,1,SL_accuracy,NaN,NA
1,p001,SS,1,SR_accuracy,NaN,NA
1,p002,AS,1,IG_accuracy,NaN,NA
1,p002,AS,1,NS_accuracy,80,TRUE
1,p002,AS,1,NS_mean_RT,779,TRUE
1,p002,AS,1,NS_mean_RTdiff,55,TRUE
1,p002,AS,1,SB_accuracy,NaN,NA
1,p002,AS,1,SL_accuracy,20,FALSE
1,p002,AS,1,SR_accuracy,20,FALSE
1,p002,AS,2,IG_accuracy,NaN,NA
1,p002,AS,2,NS_accuracy,87,FALSE
1,p002,AS,2,NS_mean_RT,665,TRUE
1,p002,AS,2,NS_mean_RTdiff,36,FALSE
1,p002,AS,2,SB_accuracy,NaN,NA
1,p002,AS,2,SL_accuracy,40,FALSE
1,p002,AS,2,SR_accuracy,35,FALSE
1,p002,AS,3,IG_accuracy,NaN,NA
1,p002,AS,3,NS_accuracy,97,FALSE
1,p002,AS,3,NS_mean_RT,596,FALSE
1,p002,AS,3,NS_mean_RTdiff,34,FALSE
1,p002,AS,3,SB_accuracy,NaN,NA
1,p002,AS,3,SL_accuracy,40,FALSE
1,p002,AS,3,SR_accuracy,45,FALSE
1,p003,mixed,1,IG_accuracy,80,FALSE
1,p003,mixed,1,NS_accuracy,97,FALSE
1,p003,mixed,1,NS_mean_RT,631,FALSE
1,p003,mixed,1,NS_mean_RTdiff,20,FALSE
1,p003,mixed,1,SB_accuracy,60,FALSE
1,p003,mixed,1,SL_accuracy,40,FALSE
1,p003,mixed,1,SR_accuracy,50,FALSE
2,p000,NS,1,IG_accuracy,NaN,NA
2,p000,NS,1,NS_accuracy,100,FALSE
2,p000,NS,1,NS_mean_RT,468,FALSE
2,p000,NS,1,NS_mean_RTdiff,12,FALSE
2,p000,NS,1,SB_accuracy,NaN,NA
2,p000,NS,1,SL_accuracy,NaN,NA
2,p000,NS,1,SR_accuracy,NaN,NA
2,p001,AS,1,IG_accuracy,NaN,NA
2,p001,AS,1,NS_accuracy,87,FALSE
2,p001,AS,1,NS_mean_RT,613,FALSE
2,p001,AS,1,NS_mean_RTdiff,33,FALSE
2,p001,AS,1,SB_accuracy,NaN,NA
2,p001,AS,1,SL_accuracy,20,FALSE
2,p001,AS,1,SR_accuracy,35,FALSE
2,p002,SS,1,IG_accuracy,85,FALSE
2,p002,SS,1,NS_accuracy,97,FALSE
2,p002,SS,1,NS_mean_RT,569,FALSE
2,p002,SS,1,NS_mean_RTdiff,8,FALSE
2,p002,SS,1,SB_accuracy,55,FALSE
2,p002,SS,1,SL_accuracy,NaN,NA
2,p002,SS,1,SR_accuracy,NaN,NA
2,p003,mixed,1,IG_accuracy,40,TRUE
2,p003,mixed,1,NS_accuracy,90,FALSE
2,p003,mixed,1,NS_mean_RT,580,FALSE
2,p003,mixed,1,NS_mean_RTdiff,15,FALSE
2,p003,mixed,1,SB_accuracy,60,FALSE
2,p003,mixed,1,SL_accuracy,50,FALSE
2,p003,mixed,1,SR_accuracy,50,FALSE
2,p003,mixed,2,IG_accuracy,80,FALSE
2,p003,mixed,2,NS_accuracy,93,FALSE
2,p003,mixed,2,NS_mean_RT,531,FALSE
2,p003,mixed,2,NS_mean_RTdiff,10,FALSE
2,p003,mixed,2,SB_accuracy,50,FALSE
2,p003,mixed,2,SL_accuracy,60,FALSE
2,p003,mixed,2,SR_accuracy,40,FALSE
3,p000,NS,1,IG_accuracy,NaN,NA
3,p000,NS,1,NS_accuracy,92,FALSE
3,p000,NS,1,NS_mean_RT,529,FALSE
3,p000,NS,1,NS_mean_RTdiff,12,FALSE
3,p000,NS,1,SB_accuracy,NaN,NA
3,p000,NS,1,SL_accuracy,NaN,NA
3,p000,NS,1,SR_accuracy,NaN,NA
3,p001,SS,1,IG_accuracy,95,FALSE
3,p001,SS,1,NS_accuracy,100,FALSE
3,p001,SS,1,NS_mean_RT,581,FALSE
3,p001,SS,1,NS_mean_RTdiff,11,FALSE
3,p001,SS,1,SB_accuracy,65,FALSE
3,p001,SS,1,SL_accuracy,NaN,NA
3,p001,SS,1,SR_accuracy,NaN,NA
3,p002,AS,1,IG_accuracy,NaN,NA
3,p002,AS,1,NS_accuracy,77,TRUE
3,p002,AS,1,NS_mean_RT,666,TRUE
3,p002,AS,1,NS_mean_RTdiff,28,FALSE
3,p002,AS,1,SB_accuracy,NaN,NA
3,p002,AS,1,SL_accuracy,20,FALSE
3,p002,AS,1,SR_accuracy,20,FALSE
3,p002,AS,2,IG_accuracy,NaN,NA
3,p002,AS,2,NS_accuracy,87,FALSE
3,p002,AS,2,NS_mean_RT,534,FALSE
3,p002,AS,2,NS_mean_RTdiff,9,FALSE
3,p002,AS,2,SB_accuracy,NaN,NA
3,p002,AS,2,SL_accuracy,40,FALSE
3,p002,AS,2,SR_accuracy,40,FALSE
3,p003,mixed,1,IG_accuracy,100,FALSE
3,p003,mixed,1,NS_accuracy,97,FALSE
3,p003,mixed,1,NS_mean_RT,548,FALSE
3,p003,mixed,1,NS_mean_RTdiff,11,FALSE
3,p003,mixed,1,SB_accuracy,60,FALSE
3,p003,mixed,1,SL_accuracy,50,FALSE
3,p003,mixed,1,SR_accuracy,30,FALSE
4,p000,NS,1,IG_accuracy,NaN,NA
4,p000,NS,1,NS_accuracy,92,FALSE
4,p000,NS,1,NS_mean_RT,481,FALSE
4,p000,NS,1,NS_mean_RTdiff,9,FALSE
4,p000,NS,1,SB_accuracy,NaN,NA
4,p000,NS,1,SL_accuracy,NaN,NA
4,p000,NS,1,SR_accuracy,NaN,NA
4,p001,AS,1,IG_accuracy,NaN,NA
4,p001,AS,1,NS_accuracy,77,TRUE
4,p001,AS,1,NS_mean_RT,675,TRUE
4,p001,AS,1,NS_mean_RTdiff,10,FALSE
4,p001,AS,1,SB_accuracy,NaN,NA
4,p001,AS,1,SL_accuracy,20,FALSE
4,p001,AS,1,SR_accuracy,20,FALSE
4,p001,AS,2,IG_accuracy,NaN,NA
4,p001,AS,2,NS_accuracy,80,TRUE
4,p001,AS,2,NS_mean_RT,735,TRUE
4,p001,AS,2,NS_mean_RTdiff,10,FALSE
4,p001,AS,2,SB_accuracy,NaN,NA
4,p001,AS,2,SL_accuracy,15,TRUE
4,p001,AS,2,SR_accuracy,0,TRUE
4,p001,AS,3,IG_accuracy,NaN,NA
4,p001,AS,3,NS_accuracy,90,FALSE
4,p001,AS,3,NS_mean_RT,680,TRUE
4,p001,AS,3,NS_mean_RTdiff,6,FALSE
4,p001,AS,3,SB_accuracy,NaN,NA
4,p001,AS,3,SL_accuracy,15,TRUE
4,p001,AS,3,SR_accuracy,5,TRUE
4,p001,AS,4,IG_accuracy,NaN,NA
4,p001,AS,4,NS_accuracy,90,FALSE
4,p001,AS,4,NS_mean_RT,704,TRUE
4,p001,AS,4,NS_mean_RTdiff,11,FALSE
4,p001,AS,4,SB_accuracy,NaN,NA
4,p001,AS,4,SL_accuracy,10,TRUE
4,p001,AS,4,SR_accuracy,25,FALSE
4,p001,AS,5,IG_accuracy,NaN,NA
4,p001,AS,5,NS_accuracy,93,FALSE
4,p001,AS,5,NS_mean_RT,657,TRUE
4,p001,AS,5,NS_mean_RTdiff,22,FALSE
4,p001,AS,5,SB_accuracy,NaN,NA
4,p001,AS,5,SL_accuracy,10,TRUE
4,p001,AS,5,SR_accuracy,40,FALSE
5,p000,NS,1,IG_accuracy,NaN,NA
5,p000,NS,1,NS_accuracy,83,TRUE
5,p000,NS,1,NS_mean_RT,531,FALSE
5,p000,NS,1,NS_mean_RTdiff,4,FALSE
5,p000,NS,1,SB_accuracy,NaN,NA
5,p000,NS,1,SL_accuracy,NaN,NA
5,p000,NS,1,SR_accuracy,NaN,NA
5,p000,NS,2,IG_accuracy,NaN,NA
5,p000,NS,2,NS_accuracy,96,FALSE
5,p000,NS,2,NS_mean_RT,496,FALSE
5,p000,NS,2,NS_mean_RTdiff,8,FALSE
5,p000,NS,2,SB_accuracy,NaN,NA
5,p000,NS,2,SL_accuracy,NaN,NA
5,p000,NS,2,SR_accuracy,NaN,NA
5,p001,SS,1,IG_accuracy,85,FALSE
5,p001,SS,1,NS_accuracy,93,FALSE
5,p001,SS,1,NS_mean_RT,549,FALSE
5,p001,SS,1,NS_mean_RTdiff,5,FALSE
5,p001,SS,1,SB_accuracy,45,FALSE
5,p001,SS,1,SL_accuracy,NaN,NA
5,p001,SS,1,SR_accuracy,NaN,NA
5,p002,AS,1,IG_accuracy,NaN,NA
5,p002,AS,1,NS_accuracy,83,TRUE
5,p002,AS,1,NS_mean_RT,628,FALSE
5,p002,AS,1,NS_mean_RTdiff,7,FALSE
5,p002,AS,1,SB_accuracy,NaN,NA
5,p002,AS,1,SL_accuracy,45,FALSE
5,p002,AS,1,SR_accuracy,60,FALSE
5,p002,AS,2,IG_accuracy,NaN,NA
5,p002,AS,2,NS_accuracy,93,FALSE
5,p002,AS,2,NS_mean_RT,597,FALSE
5,p002,AS,2,NS_mean_RTdiff,7,FALSE
5,p002,AS,2,SB_accuracy,NaN,NA
5,p002,AS,2,SL_accuracy,55,FALSE
5,p002,AS,2,SR_accuracy,45,FALSE
5,p003,mixed,1,IG_accuracy,80,FALSE
5,p003,mixed,1,NS_accuracy,97,FALSE
5,p003,mixed,1,NS_mean_RT,623,FALSE
5,p003,mixed,1,NS_mean_RTdiff,6,FALSE
5,p003,mixed,1,SB_accuracy,70,FALSE
5,p003,mixed,1,SL_accuracy,70,FALSE
5,p003,mixed,1,SR_accuracy,60,FALSE
6,p000,NS,1,IG_accuracy,NaN,NA
6,p000,NS,1,NS_accuracy,92,FALSE
6,p000,NS,1,NS_mean_RT,476,FALSE
6,p000,NS,1,NS_mean_RTdiff,13,FALSE
6,p000,NS,1,SB_accuracy,NaN,NA
6,p000,NS,1,SL_accuracy,NaN,NA
6,p000,NS,1,SR_accuracy,NaN,NA
6,p001,AS,1,IG_accuracy,NaN,NA
6,p001,AS,1,NS_accuracy,93,FALSE
6,p001,AS,1,NS_mean_RT,669,TRUE
6,p001,AS,1,NS_mean_RTdiff,13,FALSE
6,p001,AS,1,SB_accuracy,NaN,NA
6,p001,AS,1,SL_accuracy,35,FALSE
6,p001,AS,1,SR_accuracy,20,FALSE
6,p001,AS,2,IG_accuracy,NaN,NA
6,p001,AS,2,NS_accuracy,93,FALSE
6,p001,AS,2,NS_mean_RT,526,FALSE
6,p001,AS,2,NS_mean_RTdiff,14,FALSE
6,p001,AS,2,SB_accuracy,NaN,NA
6,p001,AS,2,SL_accuracy,45,FALSE
6,p001,AS,2,SR_accuracy,45,FALSE
6,p002,SS,1,IG_accuracy,85,FALSE
6,p002,SS,1,NS_accuracy,97,FALSE
6,p002,SS,1,NS_mean_RT,497,FALSE
6,p002,SS,1,NS_mean_RTdiff,10,FALSE
6,p002,SS,1,SB_accuracy,45,FALSE
6,p002,SS,1,SL_accuracy,NaN,NA
6,p002,SS,1,SR_accuracy,NaN,NA
6,p003,mixed,1,IG_accuracy,80,FALSE
6,p003,mixed,1,NS_accuracy,93,FALSE
6,p003,mixed,1,NS_mean_RT,516,FALSE
6,p003,mixed,1,NS_mean_RTdiff,16,FALSE
6,p003,mixed,1,SB_accuracy,50,FALSE
6,p003,mixed,1,SL_accuracy,60,FALSE
6,p003,mixed,1,SR_accuracy,50,FALSE
7,p000,NS,1,IG_accuracy,NaN,NA
7,p000,NS,1,NS_accuracy,96,FALSE
7,p000,NS,1,NS_mean_RT,472,FALSE
7,p000,NS,1,NS_mean_RTdiff,19,FALSE
7,p000,NS,1,SB_accuracy,NaN,NA
7,p000,NS,1,SL_accuracy,NaN,NA
7,p000,NS,1,SR_accuracy,NaN,NA
7,p001,SS,1,IG_accuracy,90,FALSE
7,p001,SS,1,NS_accuracy,100,FALSE
7,p001,SS,1,NS_mean_RT,536,FALSE
7,p001,SS,1,NS_mean_RTdiff,36,FALSE
7,p001,SS,1,SB_accuracy,55,FALSE
7,p001,SS,1,SL_accuracy,NaN,NA
7,p001,SS,1,SR_accuracy,NaN,NA
7,p002,AS,1,IG_accuracy,NaN,NA
7,p002,AS,1,NS_accuracy,90,FALSE
7,p002,AS,1,NS_mean_RT,747,TRUE
7,p002,AS,1,NS_mean_RTdiff,32,FALSE
7,p002,AS,1,SB_accuracy,NaN,NA
7,p002,AS,1,SL_accuracy,25,FALSE
7,p002,AS,1,SR_accuracy,60,FALSE
7,p002,AS,2,IG_accuracy,NaN,NA
7,p002,AS,2,NS_accuracy,97,FALSE
7,p002,AS,2,NS_mean_RT,508,FALSE
7,p002,AS,2,NS_mean_RTdiff,17,FALSE
7,p002,AS,2,SB_accuracy,NaN,NA
7,p002,AS,2,SL_accuracy,20,FALSE
7,p002,AS,2,SR_accuracy,35,FALSE
7,p003,mixed,1,IG_accuracy,80,FALSE
7,p003,mixed,1,NS_accuracy,100,FALSE
7,p003,mixed,1,NS_mean_RT,503,FALSE
7,p003,mixed,1,NS_mean_RTdiff,18,FALSE
7,p003,mixed,1,SB_accuracy,30,FALSE
7,p003,mixed,1,SL_accuracy,50,FALSE
7,p003,mixed,1,SR_accuracy,30,FALSE
8,p000,NS,1,IG_accuracy,NaN,NA
8,p000,NS,1,NS_accuracy,88,FALSE
8,p000,NS,1,NS_mean_RT,469,FALSE
8,p000,NS,1,NS_mean_RTdiff,12,FALSE
8,p000,NS,1,SB_accuracy,NaN,NA
8,p000,NS,1,SL_accuracy,NaN,NA
8,p000,NS,1,SR_accuracy,NaN,NA
8,p001,AS,1,IG_accuracy,NaN,NA
8,p001,AS,1,NS_accuracy,90,FALSE
8,p001,AS,1,NS_mean_RT,691,TRUE
8,p001,AS,1,NS_mean_RTdiff,64,TRUE
8,p001,AS,1,SB_accuracy,NaN,NA
8,p001,AS,1,SL_accuracy,30,FALSE
8,p001,AS,1,SR_accuracy,30,FALSE
8,p001,AS,2,IG_accuracy,NaN,NA
8,p001,AS,2,NS_accuracy,90,FALSE
8,p001,AS,2,NS_mean_RT,630,FALSE
8,p001,AS,2,NS_mean_RTdiff,44,FALSE
8,p001,AS,2,SB_accuracy,NaN,NA
8,p001,AS,2,SL_accuracy,35,FALSE
8,p001,AS,2,SR_accuracy,45,FALSE
8,p002,SS,1,IG_accuracy,70,TRUE
8,p002,SS,1,NS_accuracy,93,FALSE
8,p002,SS,1,NS_mean_RT,582,FALSE
8,p002,SS,1,NS_mean_RTdiff,12,FALSE
8,p002,SS,1,SB_accuracy,60,FALSE
8,p002,SS,1,SL_accuracy,NaN,NA
8,p002,SS,1,SR_accuracy,NaN,NA
8,p002,SS,2,IG_accuracy,80,FALSE
8,p002,SS,2,NS_accuracy,90,FALSE
8,p002,SS,2,NS_mean_RT,571,FALSE
8,p002,SS,2,NS_mean_RTdiff,12,FALSE
8,p002,SS,2,SB_accuracy,40,FALSE
8,p002,SS,2,SL_accuracy,NaN,NA
8,p002,SS,2,SR_accuracy,NaN,NA
8,p003,mixed,1,IG_accuracy,90,FALSE
8,p003,mixed,1,NS_accuracy,90,FALSE
8,p003,mixed,1,NS_mean_RT,588,FALSE
8,p003,mixed,1,NS_mean_RTdiff,15,FALSE
8,p003,mixed,1,SB_accuracy,60,FALSE
8,p003,mixed,1,SL_accuracy,60,FALSE
8,p003,mixed,1,SR_accuracy,40,FALSE
9,p000,NS,1,IG_accuracy,NaN,NA
9,p000,NS,1,NS_accuracy,92,FALSE
9,p000,NS,1,NS_mean_RT,543,FALSE
9,p000,NS,1,NS_mean_RTdiff,11,FALSE
9,p000,NS,1,SB_accuracy,NaN,NA
9,p000,NS,1,SL_accuracy,NaN,NA
9,p000,NS,1,SR_accuracy,NaN,NA
9,p001,SS,1,IG_accuracy,70,TRUE
9,p001,SS,1,NS_accuracy,83,TRUE
9,p001,SS,1,NS_mean_RT,577,FALSE
9,p001,SS,1,NS_mean_RTdiff,25,FALSE
9,p001,SS,1,SB_accuracy,30,FALSE
9,p001,SS,1,SL_accuracy,NaN,NA
9,p001,SS,1,SR_accuracy,NaN,NA
9,p001,SS,2,IG_accuracy,80,FALSE
9,p001,SS,2,NS_accuracy,100,FALSE
9,p001,SS,2,NS_mean_RT,604,FALSE
9,p001,SS,2,NS_mean_RTdiff,21,FALSE
9,p001,SS,2,SB_accuracy,45,FALSE
9,p001,SS,2,SL_accuracy,NaN,NA
9,p001,SS,2,SR_accuracy,NaN,NA
9,p002,AS,1,IG_accuracy,NaN,NA
9,p002,AS,1,NS_accuracy,70,TRUE
9,p002,AS,1,NS_mean_RT,732,TRUE
9,p002,AS,1,NS_mean_RTdiff,29,FALSE
9,p002,AS,1,SB_accuracy,NaN,NA
9,p002,AS,1,SL_accuracy,45,FALSE
9,p002,AS,1,SR_accuracy,45,FALSE
9,p002,AS,2,IG_accuracy,NaN,NA
9,p002,AS,2,NS_accuracy,93,FALSE
9,p002,AS,2,NS_mean_RT,619,FALSE
9,p002,AS,2,NS_mean_RTdiff,16,FALSE
9,p002,AS,2,SB_accuracy,NaN,NA
9,p002,AS,2,SL_accuracy,50,FALSE
9,p002,AS,2,SR_accuracy,25,FALSE
9,p003,mixed,1,IG_accuracy,50,TRUE
9,p003,mixed,1,NS_accuracy,90,FALSE
9,p003,mixed,1,NS_mean_RT,591,FALSE
9,p003,mixed,1,NS_mean_RTdiff,14,FALSE
9,p003,mixed,1,SB_accuracy,60,FALSE
9,p003,mixed,1,SL_accuracy,40,FALSE
9,p003,mixed,1,SR_accuracy,30,FALSE
9,p003,mixed,2,IG_accuracy,100,FALSE
9,p003,mixed,2,NS_accuracy,87,FALSE
9,p003,mixed,2,NS_mean_RT,604,FALSE
9,p003,mixed,2,NS_mean_RTdiff,11,FALSE
9,p003,mixed,2,SB_accuracy,50,FALSE
9,p003,mixed,2,SL_accuracy,50,FALSE
9,p003,mixed,2,SR_accuracy,20,FALSE
10,p000,NS,1,IG_accuracy,NaN,NA
10,p000,NS,1,NS_accuracy,92,FALSE
10,p000,NS,1,NS_mean_RT,592,FALSE
10,p000,NS,1,NS_mean_RTdiff,24,FALSE
10,p000,NS,1,SB_accuracy,NaN,NA
10,p000,NS,1,SL_accuracy,NaN,NA
10,p000,NS,1,SR_accuracy,NaN,NA
10,p001,AS,1,IG_accuracy,NaN,NA
10,p001,AS,1,NS_accuracy,83,TRUE
10,p001,AS,1,NS_mean_RT,661,TRUE
10,p001,AS,1,NS_mean_RTdiff,59,TRUE
10,p001,AS,1,SB_accuracy,NaN,NA
10,p001,AS,1,SL_accuracy,45,FALSE
10,p001,AS,1,SR_accuracy,45,FALSE
10,p001,AS,2,IG_accuracy,NaN,NA
10,p001,AS,2,NS_accuracy,100,FALSE
10,p001,AS,2,NS_mean_RT,789,TRUE
10,p001,AS,2,NS_mean_RTdiff,9,FALSE
10,p001,AS,2,SB_accuracy,NaN,NA
10,p001,AS,2,SL_accuracy,50,FALSE
10,p001,AS,2,SR_accuracy,65,FALSE
10,p001,AS,3,IG_accuracy,NaN,NA
10,p001,AS,3,NS_accuracy,97,FALSE
10,p001,AS,3,NS_mean_RT,661,TRUE
10,p001,AS,3,NS_mean_RTdiff,9,FALSE
10,p001,AS,3,SB_accuracy,NaN,NA
10,p001,AS,3,SL_accuracy,45,FALSE
10,p001,AS,3,SR_accuracy,70,FALSE
10,p001,AS,4,IG_accuracy,NaN,NA
10,p001,AS,4,NS_accuracy,97,FALSE
10,p001,AS,4,NS_mean_RT,670,TRUE
10,p001,AS,4,NS_mean_RTdiff,9,FALSE
10,p001,AS,4,SB_accuracy,NaN,NA
10,p001,AS,4,SL_accuracy,65,FALSE
10,p001,AS,4,SR_accuracy,75,FALSE
10,p001,AS,5,IG_accuracy,NaN,NA
10,p001,AS,5,NS_accuracy,97,FALSE
10,p001,AS,5,NS_mean_RT,628,FALSE
10,p001,AS,5,NS_mean_RTdiff,10,FALSE
10,p001,AS,5,SB_accuracy,NaN,NA
10,p001,AS,5,SL_accuracy,40,FALSE
10,p001,AS,5,SR_accuracy,60,FALSE
10,p002,SS,1,IG_accuracy,90,FALSE
10,p002,SS,1,NS_accuracy,97,FALSE
10,p002,SS,1,NS_mean_RT,541,FALSE
10,p002,SS,1,NS_mean_RTdiff,16,FALSE
10,p002,SS,1,SB_accuracy,60,FALSE
10,p002,SS,1,SL_accuracy,NaN,NA
10,p002,SS,1,SR_accuracy,NaN,NA
10,p003,mixed,1,IG_accuracy,80,FALSE
10,p003,mixed,1,NS_accuracy,100,FALSE
10,p003,mixed,1,NS_mean_RT,598,FALSE
10,p003,mixed,1,NS_mean_RTdiff,15,FALSE
10,p003,mixed,1,SB_accuracy,60,FALSE
10,p003,mixed,1,SL_accuracy,70,FALSE
10,p003,mixed,1,SR_accuracy,50,FALSE
11,p000,NS,1,IG_accuracy,NaN,NA
11,p000,NS,1,NS_accuracy,92,FALSE
11,p000,NS,1,NS_mean_RT,543,FALSE
11,p000,NS,1,NS_mean_RTdiff,12,FALSE
11,p000,NS,1,SB_accuracy,NaN,NA
11,p000,NS,1,SL_accuracy,NaN,NA
11,p000,NS,1,SR_accuracy,NaN,NA
11,p001,SS,1,IG_accuracy,100,FALSE
11,p001,SS,1,NS_accuracy,93,FALSE
11,p001,SS,1,NS_mean_RT,555,FALSE
11,p001,SS,1,NS_mean_RTdiff,11,FALSE
11,p001,SS,1,SB_accuracy,45,FALSE
11,p001,SS,1,SL_accuracy,NaN,NA
11,p001,SS,1,SR_accuracy,NaN,NA
11,p002,AS,1,IG_accuracy,NaN,NA
11,p002,AS,1,NS_accuracy,80,TRUE
11,p002,AS,1,NS_mean_RT,705,TRUE
11,p002,AS,1,NS_mean_RTdiff,12,FALSE
11,p002,AS,1,SB_accuracy,NaN,NA
11,p002,AS,1,SL_accuracy,25,FALSE
11,p002,AS,1,SR_accuracy,10,TRUE
11,p002,AS,2,IG_accuracy,NaN,NA
11,p002,AS,2,NS_accuracy,83,TRUE
11,p002,AS,2,NS_mean_RT,717,TRUE
11,p002,AS,2,NS_mean_RTdiff,31,FALSE
11,p002,AS,2,SB_accuracy,NaN,NA
11,p002,AS,2,SL_accuracy,35,FALSE
11,p002,AS,2,SR_accuracy,40,FALSE
11,p002,AS,3,IG_accuracy,NaN,NA
11,p002,AS,3,NS_accuracy,87,FALSE
11,p002,AS,3,NS_mean_RT,619,FALSE
11,p002,AS,3,NS_mean_RTdiff,10,FALSE
11,p002,AS,3,SB_accuracy,NaN,NA
11,p002,AS,3,SL_accuracy,25,FALSE
11,p002,AS,3,SR_accuracy,45,FALSE
11,p003,mixed,1,IG_accuracy,90,FALSE
11,p003,mixed,1,NS_accuracy,87,FALSE
11,p003,mixed,1,NS_mean_RT,564,FALSE
11,p003,mixed,1,NS_mean_RTdiff,12,FALSE
11,p003,mixed,1,SB_accuracy,60,FALSE
11,p003,mixed,1,SL_accuracy,30,FALSE
11,p003,mixed,1,SR_accuracy,50,FALSE
12,p000,NS,1,IG_accuracy,NaN,NA
12,p000,NS,1,NS_accuracy,100,FALSE
12,p000,NS,1,NS_mean_RT,550,FALSE
12,p000,NS,1,NS_mean_RTdiff,5,FALSE
12,p000,NS,1,SB_accuracy,NaN,NA
12,p000,NS,1,SL_accuracy,NaN,NA
12,p000,NS,1,SR_accuracy,NaN,NA
12,p001,AS,1,IG_accuracy,NaN,NA
12,p001,AS,1,NS_accuracy,90,FALSE
12,p001,AS,1,NS_mean_RT,591,FALSE
12,p001,AS,1,NS_mean_RTdiff,13,FALSE
12,p001,AS,1,SB_accuracy,NaN,NA
12,p001,AS,1,SL_accuracy,45,FALSE
12,p001,AS,1,SR_accuracy,15,TRUE
12,p001,AS,2,IG_accuracy,NaN,NA
12,p001,AS,2,NS_accuracy,97,FALSE
12,p001,AS,2,NS_mean_RT,564,FALSE
12,p001,AS,2,NS_mean_RTdiff,13,FALSE
12,p001,AS,2,SB_accuracy,NaN,NA
12,p001,AS,2,SL_accuracy,50,FALSE
12,p001,AS,2,SR_accuracy,55,FALSE
12,p002,SS,1,IG_accuracy,100,FALSE
12,p002,SS,1,NS_accuracy,100,FALSE
12,p002,SS,1,NS_mean_RT,552,FALSE
12,p002,SS,1,NS_mean_RTdiff,12,FALSE
12,p002,SS,1,SB_accuracy,40,FALSE
12,p002,SS,1,SL_accuracy,NaN,NA
12,p002,SS,1,SR_accuracy,NaN,NA
12,p003,mixed,1,IG_accuracy,80,FALSE
12,p003,mixed,1,NS_accuracy,100,FALSE
12,p003,mixed,1,NS_mean_RT,558,FALSE
12,p003,mixed,1,NS_mean_RTdiff,12,FALSE
12,p003,mixed,1,SB_accuracy,50,FALSE
12,p003,mixed,1,SL_accuracy,90,FALSE
12,p003,mixed,1,SR_accuracy,10,TRUE
12,p003,mixed,2,IG_accuracy,100,FALSE
12,p003,mixed,2,NS_accuracy,97,FALSE
12,p003,mixed,2,NS_mean_RT,604,FALSE
12,p003,mixed,2,NS_mean_RTdiff,13,FALSE
12,p003,mixed,2,SB_accuracy,60,FALSE
12,p003,mixed,2,SL_accuracy,80,FALSE
12,p003,mixed,2,SR_accuracy,70,FALSE
13,p000,NS,1,IG_accuracy,NaN,NA
13,p000,NS,1,NS_accuracy,96,FALSE
13,p000,NS,1,NS_mean_RT,579,FALSE
13,p000,NS,1,NS_mean_RTdiff,14,FALSE
13,p000,NS,1,SB_accuracy,NaN,NA
13,p000,NS,1,SL_accuracy,NaN,NA
13,p000,NS,1,SR_accuracy,NaN,NA
13,p001,SS,1,IG_accuracy,75,TRUE
13,p001,SS,1,NS_accuracy,100,FALSE
13,p001,SS,1,NS_mean_RT,623,FALSE
13,p001,SS,1,NS_mean_RTdiff,25,FALSE
13,p001,SS,1,SB_accuracy,65,FALSE
13,p001,SS,1,SL_accuracy,NaN,NA
13,p001,SS,1,SR_accuracy,NaN,NA
13,p001,SS,2,IG_accuracy,95,FALSE
13,p001,SS,2,NS_accuracy,100,FALSE
13,p001,SS,2,NS_mean_RT,620,FALSE
13,p001,SS,2,NS_mean_RTdiff,39,FALSE
13,p001,SS,2,SB_accuracy,70,FALSE
13,p001,SS,2,SL_accuracy,NaN,NA
13,p001,SS,2,SR_accuracy,NaN,NA
13,p002,AS,1,IG_accuracy,NaN,NA
13,p002,AS,1,NS_accuracy,87,FALSE
13,p002,AS,1,NS_mean_RT,750,TRUE
13,p002,AS,1,NS_mean_RTdiff,29,FALSE
13,p002,AS,1,SB_accuracy,NaN,NA
13,p002,AS,1,SL_accuracy,15,TRUE
13,p002,AS,1,SR_accuracy,35,FALSE
13,p002,AS,2,IG_accuracy,NaN,NA
13,p002,AS,2,NS_accuracy,97,FALSE
13,p002,AS,2,NS_mean_RT,704,TRUE
13,p002,AS,2,NS_mean_RTdiff,27,FALSE
13,p002,AS,2,SB_accuracy,NaN,NA
13,p002,AS,2,SL_accuracy,60,FALSE
13,p002,AS,2,SR_accuracy,35,FALSE
13,p002,AS,3,IG_accuracy,NaN,NA
13,p002,AS,3,NS_accuracy,100,FALSE
13,p002,AS,3,NS_mean_RT,643,FALSE
13,p002,AS,3,NS_mean_RTdiff,27,FALSE
13,p002,AS,3,SB_accuracy,NaN,NA
13,p002,AS,3,SL_accuracy,65,FALSE
13,p002,AS,3,SR_accuracy,65,FALSE
13,p003,mixed,1,IG_accuracy,90,FALSE
13,p003,mixed,1,NS_accuracy,97,FALSE
13,p003,mixed,1,NS_mean_RT,695,TRUE
13,p003,mixed,1,NS_mean_RTdiff,21,FALSE
13,p003,mixed,1,SB_accuracy,90,FALSE
13,p003,mixed,1,SL_accuracy,70,FALSE
13,p003,mixed,1,SR_accuracy,50,FALSE
13,p003,mixed,2,IG_accuracy,100,FALSE
13,p003,mixed,2,NS_accuracy,97,FALSE
13,p003,mixed,2,NS_mean_RT,630,FALSE
13,p003,mixed,2,NS_mean_RTdiff,38,FALSE
13,p003,mixed,2,SB_accuracy,70,FALSE
13,p003,mixed,2,SL_accuracy,70,FALSE
13,p003,mixed,2,SR_accuracy,50,FALSE
14,p000,NS,1,IG_accuracy,NaN,NA
14,p000,NS,1,NS_accuracy,88,FALSE
14,p000,NS,1,NS_mean_RT,551,FALSE
14,p000,NS,1,NS_mean_RTdiff,16,FALSE
14,p000,NS,1,SB_accuracy,NaN,NA
14,p000,NS,1,SL_accuracy,NaN,NA
14,p000,NS,1,SR_accuracy,NaN,NA
14,p001,AS,1,IG_accuracy,NaN,NA
14,p001,AS,1,NS_accuracy,90,FALSE
14,p001,AS,1,NS_mean_RT,602,FALSE
14,p001,AS,1,NS_mean_RTdiff,29,FALSE
14,p001,AS,1,SB_accuracy,NaN,NA
14,p001,AS,1,SL_accuracy,20,FALSE
14,p001,AS,1,SR_accuracy,15,TRUE
14,p001,AS,2,IG_accuracy,NaN,NA
14,p001,AS,2,NS_accuracy,87,FALSE
14,p001,AS,2,NS_mean_RT,639,FALSE
14,p001,AS,2,NS_mean_RTdiff,30,FALSE
14,p001,AS,2,SB_accuracy,NaN,NA
14,p001,AS,2,SL_accuracy,40,FALSE
14,p001,AS,2,SR_accuracy,25,FALSE
14,p002,SS,1,IG_accuracy,80,FALSE
14,p002,SS,1,NS_accuracy,93,FALSE
14,p002,SS,1,NS_mean_RT,551,FALSE
14,p002,SS,1,NS_mean_RTdiff,22,FALSE
14,p002,SS,1,SB_accuracy,50,FALSE
14,p002,SS,1,SL_accuracy,NaN,NA
14,p002,SS,1,SR_accuracy,NaN,NA
14,p003,mixed,1,IG_accuracy,80,FALSE
14,p003,mixed,1,NS_accuracy,90,FALSE
14,p003,mixed,1,NS_mean_RT,554,FALSE
14,p003,mixed,1,NS_mean_RTdiff,22,FALSE
14,p003,mixed,1,SB_accuracy,40,FALSE
14,p003,mixed,1,SL_accuracy,50,FALSE
14,p003,mixed,1,SR_accuracy,40,FALSE
15,p000,NS,1,IG_accuracy,NaN,NA
15,p000,NS,1,NS_accuracy,100,FALSE
15,p000,NS,1,NS_mean_RT,520,FALSE
15,p000,NS,1,NS_mean_RTdiff,10,FALSE
15,p000,NS,1,SB_accuracy,NaN,NA
15,p000,NS,1,SL_accuracy,NaN,NA
15,p000,NS,1,SR_accuracy,NaN,NA
15,p001,SS,1,IG_accuracy,90,FALSE
15,p001,SS,1,NS_accuracy,87,FALSE
15,p001,SS,1,NS_mean_RT,520,FALSE
15,p001,SS,1,NS_mean_RTdiff,8,FALSE
15,p001,SS,1,SB_accuracy,50,FALSE
15,p001,SS,1,SL_accuracy,NaN,NA
15,p001,SS,1,SR_accuracy,NaN,NA
15,p002,AS,1,IG_accuracy,NaN,NA
15,p002,AS,1,NS_accuracy,90,FALSE
15,p002,AS,1,NS_mean_RT,590,FALSE
15,p002,AS,1,NS_mean_RTdiff,19,FALSE
15,p002,AS,1,SB_accuracy,NaN,NA
15,p002,AS,1,SL_accuracy,15,TRUE
15,p002,AS,1,SR_accuracy,45,FALSE
15,p002,AS,2,IG_accuracy,NaN,NA
15,p002,AS,2,NS_accuracy,93,FALSE
15,p002,AS,2,NS_mean_RT,609,FALSE
15,p002,AS,2,NS_mean_RTdiff,11,FALSE
15,p002,AS,2,SB_accuracy,NaN,NA
15,p002,AS,2,SL_accuracy,15,TRUE
15,p002,AS,2,SR_accuracy,65,FALSE
15,p002,AS,3,IG_accuracy,NaN,NA
15,p002,AS,3,NS_accuracy,100,FALSE
15,p002,AS,3,NS_mean_RT,615,FALSE
15,p002,AS,3,NS_mean_RTdiff,15,FALSE
15,p002,AS,3,SB_accuracy,NaN,NA
15,p002,AS,3,SL_accuracy,65,FALSE
15,p002,AS,3,SR_accuracy,55,FALSE
15,p003,mixed,1,IG_accuracy,80,FALSE
15,p003,mixed,1,NS_accuracy,93,FALSE
15,p003,mixed,1,NS_mean_RT,565,FALSE
15,p003,mixed,1,NS_mean_RTdiff,12,FALSE
15,p003,mixed,1,SB_accuracy,30,FALSE
15,p003,mixed,1,SL_accuracy,40,FALSE
15,p003,mixed,1,SR_accuracy,30,FALSE
16,p000,NS,1,IG_accuracy,NaN,NA
16,p000,NS,1,NS_accuracy,96,FALSE
16,p000,NS,1,NS_mean_RT,535,FALSE
16,p000,NS,1,NS_mean_RTdiff,18,FALSE
16,p000,NS,1,SB_accuracy,NaN,NA
16,p000,NS,1,SL_accuracy,NaN,NA
16,p000,NS,1,SR_accuracy,NaN,NA
16,p001,AS,1,IG_accuracy,NaN,NA
16,p001,AS,1,NS_accuracy,93,FALSE
16,p001,AS,1,NS_mean_RT,593,FALSE
16,p001,AS,1,NS_mean_RTdiff,18,FALSE
16,p001,AS,1,SB_accuracy,NaN,NA
16,p001,AS,1,SL_accuracy,15,TRUE
16,p001,AS,1,SR_accuracy,5,TRUE
16,p001,AS,2,IG_accuracy,NaN,NA
16,p001,AS,2,NS_accuracy,97,FALSE
16,p001,AS,2,NS_mean_RT,546,FALSE
16,p001,AS,2,NS_mean_RTdiff,18,FALSE
16,p001,AS,2,SB_accuracy,NaN,NA
16,p001,AS,2,SL_accuracy,60,FALSE
16,p001,AS,2,SR_accuracy,35,FALSE
16,p002,SS,1,IG_accuracy,85,FALSE
16,p002,SS,1,NS_accuracy,100,FALSE
16,p002,SS,1,NS_mean_RT,494,FALSE
16,p002,SS,1,NS_mean_RTdiff,14,FALSE
16,p002,SS,1,SB_accuracy,45,FALSE
16,p002,SS,1,SL_accuracy,NaN,NA
16,p002,SS,1,SR_accuracy,NaN,NA
16,p003,mixed,1,IG_accuracy,80,FALSE
16,p003,mixed,1,NS_accuracy,97,FALSE
16,p003,mixed,1,NS_mean_RT,556,FALSE
16,p003,mixed,1,NS_mean_RTdiff,15,FALSE
16,p003,mixed,1,SB_accuracy,60,FALSE
16,p003,mixed,1,SL_accuracy,60,FALSE
16,p003,mixed,1,SR_accuracy,10,TRUE
16,p003,mixed,2,IG_accuracy,90,FALSE
16,p003,mixed,2,NS_accuracy,97,FALSE
16,p003,mixed,2,NS_mean_RT,539,FALSE
16,p003,mixed,2,NS_mean_RTdiff,16,FALSE
16,p003,mixed,2,SB_accuracy,50,FALSE
16,p003,mixed,2,SL_accuracy,60,FALSE
16,p003,mixed,2,SR_accuracy,60,FALSE
17,p000,NS,1,IG_accuracy,NaN,NA
17,p000,NS,1,NS_accuracy,96,FALSE
17,p000,NS,1,NS_mean_RT,474,FALSE
17,p000,NS,1,NS_mean_RTdiff,20,FALSE
17,p000,NS,1,SB_accuracy,NaN,NA
17,p000,NS,1,SL_accuracy,NaN,NA
17,p000,NS,1,SR_accuracy,NaN,NA
17,p001,SS,1,IG_accuracy,65,TRUE
17,p001,SS,1,NS_accuracy,93,FALSE
17,p001,SS,1,NS_mean_RT,600,FALSE
17,p001,SS,1,NS_mean_RTdiff,24,FALSE
17,p001,SS,1,SB_accuracy,60,FALSE
17,p001,SS,1,SL_accuracy,NaN,NA
17,p001,SS,1,SR_accuracy,NaN,NA
17,p001,SS,2,IG_accuracy,85,FALSE
17,p001,SS,2,NS_accuracy,97,FALSE
17,p001,SS,2,NS_mean_RT,773,TRUE
17,p001,SS,2,NS_mean_RTdiff,24,FALSE
17,p001,SS,2,SB_accuracy,85,FALSE
17,p001,SS,2,SL_accuracy,NaN,NA
17,p001,SS,2,SR_accuracy,NaN,NA
17,p001,SS,3,IG_accuracy,95,FALSE
17,p001,SS,3,NS_accuracy,97,FALSE
17,p001,SS,3,NS_mean_RT,477,FALSE
17,p001,SS,3,NS_mean_RTdiff,32,FALSE
17,p001,SS,3,SB_accuracy,35,FALSE
17,p001,SS,3,SL_accuracy,NaN,NA
17,p001,SS,3,SR_accuracy,NaN,NA
17,p002,AS,1,IG_accuracy,NaN,NA
17,p002,AS,1,NS_accuracy,87,FALSE
17,p002,AS,1,NS_mean_RT,730,TRUE
17,p002,AS,1,NS_mean_RTdiff,38,FALSE
17,p002,AS,1,SB_accuracy,NaN,NA
17,p002,AS,1,SL_accuracy,40,FALSE
17,p002,AS,1,SR_accuracy,55,FALSE
17,p002,AS,2,IG_accuracy,NaN,NA
17,p002,AS,2,NS_accuracy,93,FALSE
17,p002,AS,2,NS_mean_RT,633,FALSE
17,p002,AS,2,NS_mean_RTdiff,21,FALSE
17,p002,AS,2,SB_accuracy,NaN,NA
17,p002,AS,2,SL_accuracy,45,FALSE
17,p002,AS,2,SR_accuracy,60,FALSE
17,p003,mixed,1,IG_accuracy,80,FALSE
17,p003,mixed,1,NS_accuracy,97,FALSE
17,p003,mixed,1,NS_mean_RT,540,FALSE
17,p003,mixed,1,NS_mean_RTdiff,19,FALSE
17,p003,mixed,1,SB_accuracy,60,FALSE
17,p003,mixed,1,SL_accuracy,50,FALSE
17,p003,mixed,1,SR_accuracy,60,FALSE
18,p000,NS,1,IG_accuracy,NaN,NA
18,p000,NS,1,NS_accuracy,92,FALSE
18,p000,NS,1,NS_mean_RT,561,FALSE
18,p000,NS,1,NS_mean_RTdiff,12,FALSE
18,p000,NS,1,SB_accuracy,NaN,NA
18,p000,NS,1,SL_accuracy,NaN,NA
18,p000,NS,1,SR_accuracy,NaN,NA
18,p001,AS,1,IG_accuracy,NaN,NA
18,p001,AS,1,NS_accuracy,97,FALSE
18,p001,AS,1,NS_mean_RT,642,FALSE
18,p001,AS,1,NS_mean_RTdiff,21,FALSE
18,p001,AS,1,SB_accuracy,NaN,NA
18,p001,AS,1,SL_accuracy,75,FALSE
18,p001,AS,1,SR_accuracy,60,FALSE
18,p002,SS,1,IG_accuracy,95,FALSE
18,p002,SS,1,NS_accuracy,93,FALSE
18,p002,SS,1,NS_mean_RT,520,FALSE
18,p002,SS,1,NS_mean_RTdiff,12,FALSE
18,p002,SS,1,SB_accuracy,60,FALSE
18,p002,SS,1,SL_accuracy,NaN,NA
18,p002,SS,1,SR_accuracy,NaN,NA
18,p003,mixed,1,IG_accuracy,90,FALSE
18,p003,mixed,1,NS_accuracy,93,FALSE
18,p003,mixed,1,NS_mean_RT,637,FALSE
18,p003,mixed,1,NS_mean_RTdiff,8,FALSE
18,p003,mixed,1,SB_accuracy,70,FALSE
18,p003,mixed,1,SL_accuracy,60,FALSE
18,p003,mixed,1,SR_accuracy,70,FALSE
19,p000,NS,1,IG_accuracy,NaN,NA
19,p000,NS,1,NS_accuracy,96,FALSE
19,p000,NS,1,NS_mean_RT,583,FALSE
19,p000,NS,1,NS_mean_RTdiff,25,FALSE
19,p000,NS,1,SB_accuracy,NaN,NA
19,p000,NS,1,SL_accuracy,NaN,NA
19,p000,NS,1,SR_accuracy,NaN,NA
19,p001,SS,1,IG_accuracy,80,FALSE
19,p001,SS,1,NS_accuracy,93,FALSE
19,p001,SS,1,NS_mean_RT,664,TRUE
19,p001,SS,1,NS_mean_RTdiff,24,FALSE
19,p001,SS,1,SB_accuracy,60,FALSE
19,p001,SS,1,SL_accuracy,NaN,NA
19,p001,SS,1,SR_accuracy,NaN,NA
19,p001,SS,2,IG_accuracy,95,FALSE
19,p001,SS,2,NS_accuracy,97,FALSE
19,p001,SS,2,NS_mean_RT,537,FALSE
19,p001,SS,2,NS_mean_RTdiff,20,FALSE
19,p001,SS,2,SB_accuracy,40,FALSE
19,p001,SS,2,SL_accuracy,NaN,NA
19,p001,SS,2,SR_accuracy,NaN,NA
19,p002,AS,1,IG_accuracy,NaN,NA
19,p002,AS,1,NS_accuracy,97,FALSE
19,p002,AS,1,NS_mean_RT,729,TRUE
19,p002,AS,1,NS_mean_RTdiff,36,FALSE
19,p002,AS,1,SB_accuracy,NaN,NA
19,p002,AS,1,SL_accuracy,40,FALSE
19,p002,AS,1,SR_accuracy,30,FALSE
19,p002,AS,2,IG_accuracy,NaN,NA
19,p002,AS,2,NS_accuracy,90,FALSE
19,p002,AS,2,NS_mean_RT,571,FALSE
19,p002,AS,2,NS_mean_RTdiff,13,FALSE
19,p002,AS,2,SB_accuracy,NaN,NA
19,p002,AS,2,SL_accuracy,40,FALSE
19,p002,AS,2,SR_accuracy,40,FALSE
19,p003,mixed,1,IG_accuracy,80,FALSE
19,p003,mixed,1,NS_accuracy,93,FALSE
19,p003,mixed,1,NS_mean_RT,544,FALSE
19,p003,mixed,1,NS_mean_RTdiff,17,FALSE
19,p003,mixed,1,SB_accuracy,70,FALSE
19,p003,mixed,1,SL_accuracy,50,FALSE
19,p003,mixed,1,SR_accuracy,40,FALSE
20,p000,NS,1,IG_accuracy,NaN,NA
20,p000,NS,1,NS_accuracy,92,FALSE
20,p000,NS,1,NS_mean_RT,573,FALSE
20,p000,NS,1,NS_mean_RTdiff,9,FALSE
20,p000,NS,1,SB_accuracy,NaN,NA
20,p000,NS,1,SL_accuracy,NaN,NA
20,p000,NS,1,SR_accuracy,NaN,NA
20,p001,AS,1,IG_accuracy,NaN,NA
20,p001,AS,1,NS_accuracy,97,FALSE
20,p001,AS,1,NS_mean_RT,669,TRUE
20,p001,AS,1,NS_mean_RTdiff,20,FALSE
20,p001,AS,1,SB_accuracy,NaN,NA
20,p001,AS,1,SL_accuracy,50,FALSE
20,p001,AS,1,SR_accuracy,20,FALSE
20,p001,AS,2,IG_accuracy,NaN,NA
20,p001,AS,2,NS_accuracy,100,FALSE
20,p001,AS,2,NS_mean_RT,565,FALSE
20,p001,AS,2,NS_mean_RTdiff,29,FALSE
20,p001,AS,2,SB_accuracy,NaN,NA
20,p001,AS,2,SL_accuracy,35,FALSE
20,p001,AS,2,SR_accuracy,30,FALSE
20,p002,SS,1,IG_accuracy,90,FALSE
20,p002,SS,1,NS_accuracy,97,FALSE
20,p002,SS,1,NS_mean_RT,529,FALSE
20,p002,SS,1,NS_mean_RTdiff,23,FALSE
20,p002,SS,1,SB_accuracy,45,FALSE
20,p002,SS,1,SL_accuracy,NaN,NA
20,p002,SS,1,SR_accuracy,NaN,NA
20,p003,mixed,1,IG_accuracy,70,TRUE
20,p003,mixed,1,NS_accuracy,93,FALSE
20,p003,mixed,1,NS_mean_RT,589,FALSE
20,p003,mixed,1,NS_mean_RTdiff,25,FALSE
20,p003,mixed,1,SB_accuracy,10,TRUE
20,p003,mixed,1,SL_accuracy,60,FALSE
20,p003,mixed,1,SR_accuracy,20,FALSE
20,p003,mixed,2,IG_accuracy,70,TRUE
20,p003,mixed,2,NS_accuracy,100,FALSE
20,p003,mixed,2,NS_mean_RT,554,FALSE
20,p003,mixed,2,NS_mean_RTdiff,17,FALSE
20,p003,mixed,2,SB_accuracy,10,TRUE
20,p003,mixed,2,SL_accuracy,50,FALSE
20,p003,mixed,2,SR_accuracy,30,FALSE
20,p003,mixed,3,IG_accuracy,60,TRUE
20,p003,mixed,3,NS_accuracy,100,FALSE
20,p003,mixed,3,NS_mean_RT,574,FALSE
20,p003,mixed,3,NS_mean_RTdiff,28,FALSE
20,p003,mixed,3,SB_accuracy,50,FALSE
20,p003,mixed,3,SL_accuracy,40,FALSE
20,p003,mixed,3,SR_accuracy,20,FALSE
20,p003,mixed,4,IG_accuracy,100,FALSE
20,p003,mixed,4,NS_accuracy,97,FALSE
20,p003,mixed,4,NS_mean_RT,547,FALSE
20,p003,mixed,4,NS_mean_RTdiff,39,FALSE
20,p003,mixed,4,SB_accuracy,40,FALSE
20,p003,mixed,4,SL_accuracy,40,FALSE
20,p003,mixed,4,SR_accuracy,40,FALSE
21,p000,NS,1,IG_accuracy,NaN,NA
21,p000,NS,1,NS_accuracy,88,FALSE
21,p000,NS,1,NS_mean_RT,533,FALSE
21,p000,NS,1,NS_mean_RTdiff,17,FALSE
21,p000,NS,1,SB_accuracy,NaN,NA
21,p000,NS,1,SL_accuracy,NaN,NA
21,p000,NS,1,SR_accuracy,NaN,NA
21,p001,SS,1,IG_accuracy,55,TRUE
21,p001,SS,1,NS_accuracy,87,FALSE
21,p001,SS,1,NS_mean_RT,567,FALSE
21,p001,SS,1,NS_mean_RTdiff,13,FALSE
21,p001,SS,1,SB_accuracy,40,FALSE
21,p001,SS,1,SL_accuracy,NaN,NA
21,p001,SS,1,SR_accuracy,NaN,NA
21,p001,SS,2,IG_accuracy,70,TRUE
21,p001,SS,2,NS_accuracy,83,TRUE
21,p001,SS,2,NS_mean_RT,520,FALSE
21,p001,SS,2,NS_mean_RTdiff,11,FALSE
21,p001,SS,2,SB_accuracy,30,FALSE
21,p001,SS,2,SL_accuracy,NaN,NA
21,p001,SS,2,SR_accuracy,NaN,NA
21,p001,SS,3,IG_accuracy,95,FALSE
21,p001,SS,3,NS_accuracy,93,FALSE
21,p001,SS,3,NS_mean_RT,504,FALSE
21,p001,SS,3,NS_mean_RTdiff,12,FALSE
21,p001,SS,3,SB_accuracy,30,FALSE
21,p001,SS,3,SL_accuracy,NaN,NA
21,p001,SS,3,SR_accuracy,NaN,NA
21,p002,AS,1,IG_accuracy,NaN,NA
21,p002,AS,1,NS_accuracy,90,FALSE
21,p002,AS,1,NS_mean_RT,580,FALSE
21,p002,AS,1,NS_mean_RTdiff,18,FALSE
21,p002,AS,1,SB_accuracy,NaN,NA
21,p002,AS,1,SL_accuracy,20,FALSE
21,p002,AS,1,SR_accuracy,25,FALSE
21,p003,mixed,1,IG_accuracy,90,FALSE
21,p003,mixed,1,NS_accuracy,73,TRUE
21,p003,mixed,1,NS_mean_RT,522,FALSE
21,p003,mixed,1,NS_mean_RTdiff,9,FALSE
21,p003,mixed,1,SB_accuracy,50,FALSE
21,p003,mixed,1,SL_accuracy,20,FALSE
21,p003,mixed,1,SR_accuracy,20,FALSE
21,p003,mixed,2,IG_accuracy,90,FALSE
21,p003,mixed,2,NS_accuracy,90,FALSE
21,p003,mixed,2,NS_mean_RT,485,FALSE
21,p003,mixed,2,NS_mean_RTdiff,10,FALSE
21,p003,mixed,2,SB_accuracy,20,FALSE
21,p003,mixed,2,SL_accuracy,20,FALSE
21,p003,mixed,2,SR_accuracy,0,TRUE
21,p003,mixed,3,IG_accuracy,80,FALSE
21,p003,mixed,3,NS_accuracy,93,FALSE
21,p003,mixed,3,NS_mean_RT,557,FALSE
21,p003,mixed,3,NS_mean_RTdiff,17,FALSE
21,p003,mixed,3,SB_accuracy,20,FALSE
21,p003,mixed,3,SL_accuracy,40,FALSE
21,p003,mixed,3,SR_accuracy,30,FALSE
22,p000,NS,1,IG_accuracy,NaN,NA
22,p000,NS,1,NS_accuracy,92,FALSE
22,p000,NS,1,NS_mean_RT,508,FALSE
22,p000,NS,1,NS_mean_RTdiff,30,FALSE
22,p000,NS,1,SB_accuracy,NaN,NA
22,p000,NS,1,SL_accuracy,NaN,NA
22,p000,NS,1,SR_accuracy,NaN,NA
22,p001,AS,1,IG_accuracy,NaN,NA
22,p001,AS,1,NS_accuracy,90,FALSE
22,p001,AS,1,NS_mean_RT,749,TRUE
22,p001,AS,1,NS_mean_RTdiff,17,FALSE
22,p001,AS,1,SB_accuracy,NaN,NA
22,p001,AS,1,SL_accuracy,50,FALSE
22,p001,AS,1,SR_accuracy,65,FALSE
22,p001,AS,2,IG_accuracy,NaN,NA
22,p001,AS,2,NS_accuracy,90,FALSE
22,p001,AS,2,NS_mean_RT,626,FALSE
22,p001,AS,2,NS_mean_RTdiff,18,FALSE
22,p001,AS,2,SB_accuracy,NaN,NA
22,p001,AS,2,SL_accuracy,40,FALSE
22,p001,AS,2,SR_accuracy,55,FALSE
22,p002,SS,1,IG_accuracy,90,FALSE
22,p002,SS,1,NS_accuracy,97,FALSE
22,p002,SS,1,NS_mean_RT,560,FALSE
22,p002,SS,1,NS_mean_RTdiff,20,FALSE
22,p002,SS,1,SB_accuracy,65,FALSE
22,p002,SS,1,SL_accuracy,NaN,NA
22,p002,SS,1,SR_accuracy,NaN,NA
22,p003,mixed,1,IG_accuracy,50,TRUE
22,p003,mixed,1,NS_accuracy,93,FALSE
22,p003,mixed,1,NS_mean_RT,535,FALSE
22,p003,mixed,1,NS_mean_RTdiff,13,FALSE
22,p003,mixed,1,SB_accuracy,80,FALSE
22,p003,mixed,1,SL_accuracy,60,FALSE
22,p003,mixed,1,SR_accuracy,30,FALSE
22,p003,mixed,2,IG_accuracy,80,FALSE
22,p003,mixed,2,NS_accuracy,100,FALSE
22,p003,mixed,2,NS_mean_RT,560,FALSE
22,p003,mixed,2,NS_mean_RTdiff,20,FALSE
22,p003,mixed,2,SB_accuracy,90,FALSE
22,p003,mixed,2,SL_accuracy,60,FALSE
22,p003,mixed,2,SR_accuracy,40,FALSE
23,p000,NS,1,IG_accuracy,NaN,NA
23,p000,NS,1,NS_accuracy,85,FALSE
23,p000,NS,1,NS_mean_RT,584,FALSE
23,p000,NS,1,NS_mean_RTdiff,19,FALSE
23,p000,NS,1,SB_accuracy,NaN,NA
23,p000,NS,1,SL_accuracy,NaN,NA
23,p000,NS,1,SR_accuracy,NaN,NA
23,p001,SS,1,IG_accuracy,85,FALSE
23,p001,SS,1,NS_accuracy,90,FALSE
23,p001,SS,1,NS_mean_RT,627,FALSE
23,p001,SS,1,NS_mean_RTdiff,14,FALSE
23,p001,SS,1,SB_accuracy,25,FALSE
23,p001,SS,1,SL_accuracy,NaN,NA
23,p001,SS,1,SR_accuracy,NaN,NA
23,p002,AS,1,IG_accuracy,NaN,NA
23,p002,AS,1,NS_accuracy,80,TRUE
23,p002,AS,1,NS_mean_RT,680,TRUE
23,p002,AS,1,NS_mean_RTdiff,15,FALSE
23,p002,AS,1,SB_accuracy,NaN,NA
23,p002,AS,1,SL_accuracy,20,FALSE
23,p002,AS,1,SR_accuracy,10,TRUE
23,p002,AS,2,IG_accuracy,NaN,NA
23,p002,AS,2,NS_accuracy,93,FALSE
23,p002,AS,2,NS_mean_RT,609,FALSE
23,p002,AS,2,NS_mean_RTdiff,9,FALSE
23,p002,AS,2,SB_accuracy,NaN,NA
23,p002,AS,2,SL_accuracy,35,FALSE
23,p002,AS,2,SR_accuracy,25,FALSE
23,p003,mixed,1,IG_accuracy,70,TRUE
23,p003,mixed,1,NS_accuracy,90,FALSE
23,p003,mixed,1,NS_mean_RT,662,TRUE
23,p003,mixed,1,NS_mean_RTdiff,11,FALSE
23,p003,mixed,1,SB_accuracy,60,FALSE
23,p003,mixed,1,SL_accuracy,50,FALSE
23,p003,mixed,1,SR_accuracy,20,FALSE
23,p003,mixed,2,IG_accuracy,100,FALSE
23,p003,mixed,2,NS_accuracy,97,FALSE
23,p003,mixed,2,NS_mean_RT,626,FALSE
23,p003,mixed,2,NS_mean_RTdiff,14,FALSE
23,p003,mixed,2,SB_accuracy,60,FALSE
23,p003,mixed,2,SL_accuracy,30,FALSE
23,p003,mixed,2,SR_accuracy,10,TRUE
23,p003,mixed,3,IG_accuracy,100,FALSE
23,p003,mixed,3,NS_accuracy,97,FALSE
23,p003,mixed,3,NS_mean_RT,648,FALSE
23,p003,mixed,3,NS_mean_RTdiff,19,FALSE
23,p003,mixed,3,SB_accuracy,70,FALSE
23,p003,mixed,3,SL_accuracy,50,FALSE
23,p003,mixed,3,SR_accuracy,40,FALSE
24,p000,NS,1,IG_accuracy,NaN,NA
24,p000,NS,1,NS_accuracy,100,FALSE
24,p000,NS,1,NS_mean_RT,558,FALSE
24,p000,NS,1,NS_mean_RTdiff,13,FALSE
24,p000,NS,1,SB_accuracy,NaN,NA
24,p000,NS,1,SL_accuracy,NaN,NA
24,p000,NS,1,SR_accuracy,NaN,NA
24,p001,AS,1,IG_accuracy,NaN,NA
24,p001,AS,1,NS_accuracy,87,FALSE
24,p001,AS,1,NS_mean_RT,771,TRUE
24,p001,AS,1,NS_mean_RTdiff,17,FALSE
24,p001,AS,1,SB_accuracy,NaN,NA
24,p001,AS,1,SL_accuracy,50,FALSE
24,p001,AS,1,SR_accuracy,60,FALSE
24,p001,AS,2,IG_accuracy,NaN,NA
24,p001,AS,2,NS_accuracy,90,FALSE
24,p001,AS,2,NS_mean_RT,636,FALSE
24,p001,AS,2,NS_mean_RTdiff,10,FALSE
24,p001,AS,2,SB_accuracy,NaN,NA
24,p001,AS,2,SL_accuracy,55,FALSE
24,p001,AS,2,SR_accuracy,60,FALSE
24,p002,SS,1,IG_accuracy,85,FALSE
24,p002,SS,1,NS_accuracy,93,FALSE
24,p002,SS,1,NS_mean_RT,609,FALSE
24,p002,SS,1,NS_mean_RTdiff,12,FALSE
24,p002,SS,1,SB_accuracy,70,FALSE
24,p002,SS,1,SL_accuracy,NaN,NA
24,p002,SS,1,SR_accuracy,NaN,NA
24,p003,mixed,1,IG_accuracy,70,TRUE
24,p003,mixed,1,NS_accuracy,100,FALSE
24,p003,mixed,1,NS_mean_RT,697,TRUE
24,p003,mixed,1,NS_mean_RTdiff,14,FALSE
24,p003,mixed,1,SB_accuracy,90,FALSE
24,p003,mixed,1,SL_accuracy,70,FALSE
24,p003,mixed,1,SR_accuracy,40,FALSE
24,p003,mixed,2,IG_accuracy,70,TRUE
24,p003,mixed,2,NS_accuracy,97,FALSE
24,p003,mixed,2,NS_mean_RT,626,FALSE
24,p003,mixed,2,NS_mean_RTdiff,16,FALSE
24,p003,mixed,2,SB_accuracy,70,FALSE
24,p003,mixed,2,SL_accuracy,70,FALSE
24,p003,mixed,2,SR_accuracy,70,FALSE
24,p003,mixed,3,IG_accuracy,80,FALSE
24,p003,mixed,3,NS_accuracy,97,FALSE
24,p003,mixed,3,NS_mean_RT,579,FALSE
24,p003,mixed,3,NS_mean_RTdiff,9,FALSE
24,p003,mixed,3,SB_accuracy,80,FALSE
24,p003,mixed,3,SL_accuracy,80,FALSE
24,p003,mixed,3,SR_accuracy,40,FALSE
25,p000,NS,1,IG_accuracy,NaN,NA
25,p000,NS,1,NS_accuracy,96,FALSE
25,p000,NS,1,NS_mean_RT,528,FALSE
25,p000,NS,1,NS_mean_RTdiff,8,FALSE
25,p000,NS,1,SB_accuracy,NaN,NA
25,p000,NS,1,SL_accuracy,NaN,NA
25,p000,NS,1,SR_accuracy,NaN,NA
25,p001,SS,1,IG_accuracy,100,FALSE
25,p001,SS,1,NS_accuracy,100,FALSE
25,p001,SS,1,NS_mean_RT,554,FALSE
25,p001,SS,1,NS_mean_RTdiff,9,FALSE
25,p001,SS,1,SB_accuracy,40,FALSE
25,p001,SS,1,SL_accuracy,NaN,NA
25,p001,SS,1,SR_accuracy,NaN,NA
25,p002,AS,1,IG_accuracy,NaN,NA
25,p002,AS,1,NS_accuracy,90,FALSE
25,p002,AS,1,NS_mean_RT,729,TRUE
25,p002,AS,1,NS_mean_RTdiff,23,FALSE
25,p002,AS,1,SB_accuracy,NaN,NA
25,p002,AS,1,SL_accuracy,20,FALSE
25,p002,AS,1,SR_accuracy,5,TRUE
25,p002,AS,2,IG_accuracy,NaN,NA
25,p002,AS,2,NS_accuracy,93,FALSE
25,p002,AS,2,NS_mean_RT,697,TRUE
25,p002,AS,2,NS_mean_RTdiff,22,FALSE
25,p002,AS,2,SB_accuracy,NaN,NA
25,p002,AS,2,SL_accuracy,35,FALSE
25,p002,AS,2,SR_accuracy,35,FALSE
25,p002,AS,3,IG_accuracy,NaN,NA
25,p002,AS,3,NS_accuracy,100,FALSE
25,p002,AS,3,NS_mean_RT,601,FALSE
25,p002,AS,3,NS_mean_RTdiff,18,FALSE
25,p002,AS,3,SB_accuracy,NaN,NA
25,p002,AS,3,SL_accuracy,15,TRUE
25,p002,AS,3,SR_accuracy,35,FALSE
25,p002,AS,4,IG_accuracy,NaN,NA
25,p002,AS,4,NS_accuracy,93,FALSE
25,p002,AS,4,NS_mean_RT,590,FALSE
25,p002,AS,4,NS_mean_RTdiff,29,FALSE
25,p002,AS,4,SB_accuracy,NaN,NA
25,p002,AS,4,SL_accuracy,30,FALSE
25,p002,AS,4,SR_accuracy,40,FALSE
25,p003,mixed,1,IG_accuracy,100,FALSE
25,p003,mixed,1,NS_accuracy,100,FALSE
25,p003,mixed,1,NS_mean_RT,631,FALSE
25,p003,mixed,1,NS_mean_RTdiff,9,FALSE
25,p003,mixed,1,SB_accuracy,40,FALSE
25,p003,mixed,1,SL_accuracy,40,FALSE
25,p003,mixed,1,SR_accuracy,30,FALSE
26,p000,NS,1,IG_accuracy,NaN,NA
26,p000,NS,1,NS_accuracy,96,FALSE
26,p000,NS,1,NS_mean_RT,534,FALSE
26,p000,NS,1,NS_mean_RTdiff,27,FALSE
26,p000,NS,1,SB_accuracy,NaN,NA
26,p000,NS,1,SL_accuracy,NaN,NA
26,p000,NS,1,SR_accuracy,NaN,NA
26,p001,AS,1,IG_accuracy,NaN,NA
26,p001,AS,1,NS_accuracy,87,FALSE
26,p001,AS,1,NS_mean_RT,651,TRUE
26,p001,AS,1,NS_mean_RTdiff,18,FALSE
26,p001,AS,1,SB_accuracy,NaN,NA
26,p001,AS,1,SL_accuracy,15,TRUE
26,p001,AS,1,SR_accuracy,25,FALSE
26,p001,AS,2,IG_accuracy,NaN,NA
26,p001,AS,2,NS_accuracy,93,FALSE
26,p001,AS,2,NS_mean_RT,572,FALSE
26,p001,AS,2,NS_mean_RTdiff,16,FALSE
26,p001,AS,2,SB_accuracy,NaN,NA
26,p001,AS,2,SL_accuracy,20,FALSE
26,p001,AS,2,SR_accuracy,35,FALSE
26,p002,SS,1,IG_accuracy,100,FALSE
26,p002,SS,1,NS_accuracy,100,FALSE
26,p002,SS,1,NS_mean_RT,496,FALSE
26,p002,SS,1,NS_mean_RTdiff,16,FALSE
26,p002,SS,1,SB_accuracy,50,FALSE
26,p002,SS,1,SL_accuracy,NaN,NA
26,p002,SS,1,SR_accuracy,NaN,NA
26,p003,mixed,1,IG_accuracy,80,FALSE
26,p003,mixed,1,NS_accuracy,97,FALSE
26,p003,mixed,1,NS_mean_RT,546,FALSE
26,p003,mixed,1,NS_mean_RTdiff,14,FALSE
26,p003,mixed,1,SB_accuracy,60,FALSE
26,p003,mixed,1,SL_accuracy,20,FALSE
26,p003,mixed,1,SR_accuracy,10,TRUE
26,p003,mixed,2,IG_accuracy,100,FALSE
26,p003,mixed,2,NS_accuracy,93,FALSE
26,p003,mixed,2,NS_mean_RT,550,FALSE
26,p003,mixed,2,NS_mean_RTdiff,11,FALSE
26,p003,mixed,2,SB_accuracy,60,FALSE
26,p003,mixed,2,SL_accuracy,20,FALSE
26,p003,mixed,2,SR_accuracy,40,FALSE
27,p000,NS,1,IG_accuracy,NaN,NA
27,p000,NS,1,NS_accuracy,92,FALSE
27,p000,NS,1,NS_mean_RT,628,FALSE
27,p000,NS,1,NS_mean_RTdiff,19,FALSE
27,p000,NS,1,SB_accuracy,NaN,NA
27,p000,NS,1,SL_accuracy,NaN,NA
27,p000,NS,1,SR_accuracy,NaN,NA
27,p001,SS,1,IG_accuracy,95,FALSE
27,p001,SS,1,NS_accuracy,97,FALSE
27,p001,SS,1,NS_mean_RT,617,FALSE
27,p001,SS,1,NS_mean_RTdiff,29,FALSE
27,p001,SS,1,SB_accuracy,70,FALSE
27,p001,SS,1,SL_accuracy,NaN,NA
27,p001,SS,1,SR_accuracy,NaN,NA
27,p002,AS,1,IG_accuracy,NaN,NA
27,p002,AS,1,NS_accuracy,93,FALSE
27,p002,AS,1,NS_mean_RT,771,TRUE
27,p002,AS,1,NS_mean_RTdiff,14,FALSE
27,p002,AS,1,SB_accuracy,NaN,NA
27,p002,AS,1,SL_accuracy,60,FALSE
27,p002,AS,1,SR_accuracy,45,FALSE
27,p002,AS,2,IG_accuracy,NaN,NA
27,p002,AS,2,NS_accuracy,93,FALSE
27,p002,AS,2,NS_mean_RT,667,TRUE
27,p002,AS,2,NS_mean_RTdiff,27,FALSE
27,p002,AS,2,SB_accuracy,NaN,NA
27,p002,AS,2,SL_accuracy,70,FALSE
27,p002,AS,2,SR_accuracy,65,FALSE
27,p002,AS,3,IG_accuracy,NaN,NA
27,p002,AS,3,NS_accuracy,97,FALSE
27,p002,AS,3,NS_mean_RT,572,FALSE
27,p002,AS,3,NS_mean_RTdiff,55,TRUE
27,p002,AS,3,SB_accuracy,NaN,NA
27,p002,AS,3,SL_accuracy,70,FALSE
27,p002,AS,3,SR_accuracy,60,FALSE
27,p002,AS,4,IG_accuracy,NaN,NA
27,p002,AS,4,NS_accuracy,97,FALSE
27,p002,AS,4,NS_mean_RT,609,FALSE
27,p002,AS,4,NS_mean_RTdiff,22,FALSE
27,p002,AS,4,SB_accuracy,NaN,NA
27,p002,AS,4,SL_accuracy,70,FALSE
27,p002,AS,4,SR_accuracy,65,FALSE
27,p003,mixed,1,IG_accuracy,80,FALSE
27,p003,mixed,1,NS_accuracy,100,FALSE
27,p003,mixed,1,NS_mean_RT,582,FALSE
27,p003,mixed,1,NS_mean_RTdiff,35,FALSE
27,p003,mixed,1,SB_accuracy,60,FALSE
27,p003,mixed,1,SL_accuracy,70,FALSE
27,p003,mixed,1,SR_accuracy,70,FALSE
28,p000,NS,1,IG_accuracy,NaN,NA
28,p000,NS,1,NS_accuracy,100,FALSE
28,p000,NS,1,NS_mean_RT,490,FALSE
28,p000,NS,1,NS_mean_RTdiff,12,FALSE
28,p000,NS,1,SB_accuracy,NaN,NA
28,p000,NS,1,SL_accuracy,NaN,NA
28,p000,NS,1,SR_accuracy,NaN,NA
28,p001,AS,1,IG_accuracy,NaN,NA
28,p001,AS,1,NS_accuracy,93,FALSE
28,p001,AS,1,NS_mean_RT,663,TRUE
28,p001,AS,1,NS_mean_RTdiff,12,FALSE
28,p001,AS,1,SB_accuracy,NaN,NA
28,p001,AS,1,SL_accuracy,50,FALSE
28,p001,AS,1,SR_accuracy,50,FALSE
28,p001,AS,2,IG_accuracy,NaN,NA
28,p001,AS,2,NS_accuracy,93,FALSE
28,p001,AS,2,NS_mean_RT,669,TRUE
28,p001,AS,2,NS_mean_RTdiff,10,FALSE
28,p001,AS,2,SB_accuracy,NaN,NA
28,p001,AS,2,SL_accuracy,55,FALSE
28,p001,AS,2,SR_accuracy,45,FALSE
28,p001,AS,3,IG_accuracy,NaN,NA
28,p001,AS,3,NS_accuracy,93,FALSE
28,p001,AS,3,NS_mean_RT,517,FALSE
28,p001,AS,3,NS_mean_RTdiff,10,FALSE
28,p001,AS,3,SB_accuracy,NaN,NA
28,p001,AS,3,SL_accuracy,35,FALSE
28,p001,AS,3,SR_accuracy,20,FALSE
28,p002,SS,1,IG_accuracy,100,FALSE
28,p002,SS,1,NS_accuracy,97,FALSE
28,p002,SS,1,NS_mean_RT,502,FALSE
28,p002,SS,1,NS_mean_RTdiff,11,FALSE
28,p002,SS,1,SB_accuracy,35,FALSE
28,p002,SS,1,SL_accuracy,NaN,NA
28,p002,SS,1,SR_accuracy,NaN,NA
28,p003,mixed,1,IG_accuracy,60,TRUE
28,p003,mixed,1,NS_accuracy,93,FALSE
28,p003,mixed,1,NS_mean_RT,507,FALSE
28,p003,mixed,1,NS_mean_RTdiff,8,FALSE
28,p003,mixed,1,SB_accuracy,30,FALSE
28,p003,mixed,1,SL_accuracy,50,FALSE
28,p003,mixed,1,SR_accuracy,10,TRUE
28,p003,mixed,2,IG_accuracy,80,FALSE
28,p003,mixed,2,NS_accuracy,93,FALSE
28,p003,mixed,2,NS_mean_RT,504,FALSE
28,p003,mixed,2,NS_mean_RTdiff,12,FALSE
28,p003,mixed,2,SB_accuracy,30,FALSE
28,p003,mixed,2,SL_accuracy,50,FALSE
28,p003,mixed,2,SR_accuracy,30,FALSE
29,p000,NS,1,IG_accuracy,NaN,NA
29,p000,NS,1,NS_accuracy,88,FALSE
29,p000,NS,1,NS_mean_RT,436,FALSE
29,p000,NS,1,NS_mean_RTdiff,14,FALSE
29,p000,NS,1,SB_accuracy,NaN,NA
29,p000,NS,1,SL_accuracy,NaN,NA
29,p000,NS,1,SR_accuracy,NaN,NA
29,p001,SS,1,IG_accuracy,80,FALSE
29,p001,SS,1,NS_accuracy,90,FALSE
29,p001,SS,1,NS_mean_RT,472,FALSE
29,p001,SS,1,NS_mean_RTdiff,10,FALSE
29,p001,SS,1,SB_accuracy,25,FALSE
29,p001,SS,1,SL_accuracy,NaN,NA
29,p001,SS,1,SR_accuracy,NaN,NA
29,p002,AS,1,IG_accuracy,NaN,NA
29,p002,AS,1,NS_accuracy,83,TRUE
29,p002,AS,1,NS_mean_RT,522,FALSE
29,p002,AS,1,NS_mean_RTdiff,25,FALSE
29,p002,AS,1,SB_accuracy,NaN,NA
29,p002,AS,1,SL_accuracy,25,FALSE
29,p002,AS,1,SR_accuracy,25,FALSE
29,p002,AS,2,IG_accuracy,NaN,NA
29,p002,AS,2,NS_accuracy,87,FALSE
29,p002,AS,2,NS_mean_RT,577,FALSE
29,p002,AS,2,NS_mean_RTdiff,36,FALSE
29,p002,AS,2,SB_accuracy,NaN,NA
29,p002,AS,2,SL_accuracy,25,FALSE
29,p002,AS,2,SR_accuracy,40,FALSE
29,p003,mixed,1,IG_accuracy,100,FALSE
29,p003,mixed,1,NS_accuracy,87,FALSE
29,p003,mixed,1,NS_mean_RT,536,FALSE
29,p003,mixed,1,NS_mean_RTdiff,45,FALSE
29,p003,mixed,1,SB_accuracy,10,TRUE
29,p003,mixed,1,SL_accuracy,40,FALSE
29,p003,mixed,1,SR_accuracy,40,FALSE
29,p003,mixed,2,IG_accuracy,100,FALSE
29,p003,mixed,2,NS_accuracy,100,FALSE
29,p003,mixed,2,NS_mean_RT,544,FALSE
29,p003,mixed,2,NS_mean_RTdiff,17,FALSE
29,p003,mixed,2,SB_accuracy,40,FALSE
29,p003,mixed,2,SL_accuracy,50,FALSE
29,p003,mixed,2,SR_accuracy,40,FALSE
30,p000,NS,1,IG_accuracy,NaN,NA
30,p000,NS,1,NS_accuracy,92,FALSE
30,p000,NS,1,NS_mean_RT,550,FALSE
30,p000,NS,1,NS_mean_RTdiff,11,FALSE
30,p000,NS,1,SB_accuracy,NaN,NA
30,p000,NS,1,SL_accuracy,NaN,NA
30,p000,NS,1,SR_accuracy,NaN,NA
30,p001,AS,1,IG_accuracy,NaN,NA
30,p001,AS,1,NS_accuracy,93,FALSE
30,p001,AS,1,NS_mean_RT,630,FALSE
30,p001,AS,1,NS_mean_RTdiff,24,FALSE
30,p001,AS,1,SB_accuracy,NaN,NA
30,p001,AS,1,SL_accuracy,20,FALSE
30,p001,AS,1,SR_accuracy,35,FALSE
30,p002,SS,1,IG_accuracy,90,FALSE
30,p002,SS,1,NS_accuracy,100,FALSE
30,p002,SS,1,NS_mean_RT,589,FALSE
30,p002,SS,1,NS_mean_RTdiff,15,FALSE
30,p002,SS,1,SB_accuracy,50,FALSE
30,p002,SS,1,SL_accuracy,NaN,NA
30,p002,SS,1,SR_accuracy,NaN,NA
30,p003,mixed,1,IG_accuracy,100,FALSE
30,p003,mixed,1,NS_accuracy,100,FALSE
30,p003,mixed,1,NS_mean_RT,618,FALSE
30,p003,mixed,1,NS_mean_RTdiff,18,FALSE
30,p003,mixed,1,SB_accuracy,70,FALSE
30,p003,mixed,1,SL_accuracy,40,FALSE
30,p003,mixed,1,SR_accuracy,50,FALSE
31,p000,NS,1,IG_accuracy,NaN,NA
31,p000,NS,1,NS_accuracy,100,FALSE
31,p000,NS,1,NS_mean_RT,589,FALSE
31,p000,NS,1,NS_mean_RTdiff,21,FALSE
31,p000,NS,1,SB_accuracy,NaN,NA
31,p000,NS,1,SL_accuracy,NaN,NA
31,p000,NS,1,SR_accuracy,NaN,NA
31,p001,SS,1,IG_accuracy,70,TRUE
31,p001,SS,1,NS_accuracy,90,FALSE
31,p001,SS,1,NS_mean_RT,634,FALSE
31,p001,SS,1,NS_mean_RTdiff,18,FALSE
31,p001,SS,1,SB_accuracy,70,FALSE
31,p001,SS,1,SL_accuracy,NaN,NA
31,p001,SS,1,SR_accuracy,NaN,NA
31,p001,SS,2,IG_accuracy,95,FALSE
31,p001,SS,2,NS_accuracy,100,FALSE
31,p001,SS,2,NS_mean_RT,669,TRUE
31,p001,SS,2,NS_mean_RTdiff,23,FALSE
31,p001,SS,2,SB_accuracy,80,FALSE
31,p001,SS,2,SL_accuracy,NaN,NA
31,p001,SS,2,SR_accuracy,NaN,NA
31,p001,SS,3,IG_accuracy,95,FALSE
31,p001,SS,3,NS_accuracy,93,FALSE
31,p001,SS,3,NS_mean_RT,586,FALSE
31,p001,SS,3,NS_mean_RTdiff,12,FALSE
31,p001,SS,3,SB_accuracy,65,FALSE
31,p001,SS,3,SL_accuracy,NaN,NA
31,p001,SS,3,SR_accuracy,NaN,NA
31,p002,AS,1,IG_accuracy,NaN,NA
31,p002,AS,1,NS_accuracy,73,TRUE
31,p002,AS,1,NS_mean_RT,766,TRUE
31,p002,AS,1,NS_mean_RTdiff,39,FALSE
31,p002,AS,1,SB_accuracy,NaN,NA
31,p002,AS,1,SL_accuracy,15,TRUE
31,p002,AS,1,SR_accuracy,40,FALSE
31,p002,AS,2,IG_accuracy,NaN,NA
31,p002,AS,2,NS_accuracy,93,FALSE
31,p002,AS,2,NS_mean_RT,675,TRUE
31,p002,AS,2,NS_mean_RTdiff,29,FALSE
31,p002,AS,2,SB_accuracy,NaN,NA
31,p002,AS,2,SL_accuracy,50,FALSE
31,p002,AS,2,SR_accuracy,65,FALSE
31,p002,AS,3,IG_accuracy,NaN,NA
31,p002,AS,3,NS_accuracy,90,FALSE
31,p002,AS,3,NS_mean_RT,618,FALSE
31,p002,AS,3,NS_mean_RTdiff,30,FALSE
31,p002,AS,3,SB_accuracy,NaN,NA
31,p002,AS,3,SL_accuracy,55,FALSE
31,p002,AS,3,SR_accuracy,45,FALSE
31,p003,mixed,1,IG_accuracy,80,FALSE
31,p003,mixed,1,NS_accuracy,97,FALSE
31,p003,mixed,1,NS_mean_RT,602,FALSE
31,p003,mixed,1,NS_mean_RTdiff,25,FALSE
31,p003,mixed,1,SB_accuracy,70,FALSE
31,p003,mixed,1,SL_accuracy,60,FALSE
31,p003,mixed,1,SR_accuracy,40,FALSE
32,p000,NS,1,IG_accuracy,NaN,NA
32,p000,NS,1,NS_accuracy,92,FALSE
32,p000,NS,1,NS_mean_RT,409,FALSE
32,p000,NS,1,NS_mean_RTdiff,24,FALSE
32,p000,NS,1,SB_accuracy,NaN,NA
32,p000,NS,1,SL_accuracy,NaN,NA
32,p000,NS,1,SR_accuracy,NaN,NA
32,p001,AS,1,IG_accuracy,NaN,NA
32,p001,AS,1,NS_accuracy,97,FALSE
32,p001,AS,1,NS_mean_RT,487,FALSE
32,p001,AS,1,NS_mean_RTdiff,27,FALSE
32,p001,AS,1,SB_accuracy,NaN,NA
32,p001,AS,1,SL_accuracy,35,FALSE
32,p001,AS,1,SR_accuracy,40,FALSE
32,p002,SS,1,IG_accuracy,100,FALSE
32,p002,SS,1,NS_accuracy,100,FALSE
32,p002,SS,1,NS_mean_RT,481,FALSE
32,p002,SS,1,NS_mean_RTdiff,19,FALSE
32,p002,SS,1,SB_accuracy,30,FALSE
32,p002,SS,1,SL_accuracy,NaN,NA
32,p002,SS,1,SR_accuracy,NaN,NA
32,p003,mixed,1,IG_accuracy,90,FALSE
32,p003,mixed,1,NS_accuracy,97,FALSE
32,p003,mixed,1,NS_mean_RT,484,FALSE
32,p003,mixed,1,NS_mean_RTdiff,28,FALSE
32,p003,mixed,1,SB_accuracy,40,FALSE
32,p003,mixed,1,SL_accuracy,30,FALSE
32,p003,mixed,1,SR_accuracy,50,FALSE
33,p000,NS,1,IG_accuracy,NaN,NA
33,p000,NS,1,NS_accuracy,77,TRUE
33,p000,NS,1,NS_mean_RT,487,FALSE
33,p000,NS,1,NS_mean_RTdiff,17,FALSE
33,p000,NS,1,SB_accuracy,NaN,NA
33,p000,NS,1,SL_accuracy,NaN,NA
33,p000,NS,1,SR_accuracy,NaN,NA
33,p000,NS,2,IG_accuracy,NaN,NA
33,p000,NS,2,NS_accuracy,88,FALSE
33,p000,NS,2,NS_mean_RT,445,FALSE
33,p000,NS,2,NS_mean_RTdiff,9,FALSE
33,p000,NS,2,SB_accuracy,NaN,NA
33,p000,NS,2,SL_accuracy,NaN,NA
33,p000,NS,2,SR_accuracy,NaN,NA
33,p001,SS,1,IG_accuracy,95,FALSE
33,p001,SS,1,NS_accuracy,87,FALSE
33,p001,SS,1,NS_mean_RT,466,FALSE
33,p001,SS,1,NS_mean_RTdiff,18,FALSE
33,p001,SS,1,SB_accuracy,0,TRUE
33,p001,SS,1,SL_accuracy,NaN,NA
33,p001,SS,1,SR_accuracy,NaN,NA
33,p001,SS,2,IG_accuracy,80,FALSE
33,p001,SS,2,NS_accuracy,87,FALSE
33,p001,SS,2,NS_mean_RT,565,FALSE
33,p001,SS,2,NS_mean_RTdiff,26,FALSE
33,p001,SS,2,SB_accuracy,60,FALSE
33,p001,SS,2,SL_accuracy,NaN,NA
33,p001,SS,2,SR_accuracy,NaN,NA
33,p002,AS,1,IG_accuracy,NaN,NA
33,p002,AS,1,NS_accuracy,73,TRUE
33,p002,AS,1,NS_mean_RT,772,TRUE
33,p002,AS,1,NS_mean_RTdiff,21,FALSE
33,p002,AS,1,SB_accuracy,NaN,NA
33,p002,AS,1,SL_accuracy,35,FALSE
33,p002,AS,1,SR_accuracy,20,FALSE
33,p002,AS,2,IG_accuracy,NaN,NA
33,p002,AS,2,NS_accuracy,87,FALSE
33,p002,AS,2,NS_mean_RT,714,TRUE
33,p002,AS,2,NS_mean_RTdiff,11,FALSE
33,p002,AS,2,SB_accuracy,NaN,NA
33,p002,AS,2,SL_accuracy,45,FALSE
33,p002,AS,2,SR_accuracy,55,FALSE
33,p002,AS,3,IG_accuracy,NaN,NA
33,p002,AS,3,NS_accuracy,93,FALSE
33,p002,AS,3,NS_mean_RT,618,FALSE
33,p002,AS,3,NS_mean_RTdiff,12,FALSE
33,p002,AS,3,SB_accuracy,NaN,NA
33,p002,AS,3,SL_accuracy,50,FALSE
33,p002,AS,3,SR_accuracy,35,FALSE
33,p003,mixed,1,IG_accuracy,90,FALSE
33,p003,mixed,1,NS_accuracy,93,FALSE
33,p003,mixed,1,NS_mean_RT,586,FALSE
33,p003,mixed,1,NS_mean_RTdiff,20,FALSE
33,p003,mixed,1,SB_accuracy,60,FALSE
33,p003,mixed,1,SL_accuracy,40,FALSE
33,p003,mixed,1,SR_accuracy,70,FALSE
34,p000,NS,1,IG_accuracy,NaN,NA
34,p000,NS,1,NS_accuracy,88,FALSE
34,p000,NS,1,NS_mean_RT,420,FALSE
34,p000,NS,1,NS_mean_RTdiff,8,FALSE
34,p000,NS,1,SB_accuracy,NaN,NA
34,p000,NS,1,SL_accuracy,NaN,NA
34,p000,NS,1,SR_accuracy,NaN,NA
34,p001,AS,1,IG_accuracy,NaN,NA
34,p001,AS,1,NS_accuracy,77,TRUE
34,p001,AS,1,NS_mean_RT,569,FALSE
34,p001,AS,1,NS_mean_RTdiff,28,FALSE
34,p001,AS,1,SB_accuracy,NaN,NA
34,p001,AS,1,SL_accuracy,20,FALSE
34,p001,AS,1,SR_accuracy,10,TRUE
34,p001,AS,2,IG_accuracy,NaN,NA
34,p001,AS,2,NS_accuracy,93,FALSE
34,p001,AS,2,NS_mean_RT,650,FALSE
34,p001,AS,2,NS_mean_RTdiff,10,FALSE
34,p001,AS,2,SB_accuracy,NaN,NA
34,p001,AS,2,SL_accuracy,50,FALSE
34,p001,AS,2,SR_accuracy,50,FALSE
34,p002,SS,1,IG_accuracy,85,FALSE
34,p002,SS,1,NS_accuracy,97,FALSE
34,p002,SS,1,NS_mean_RT,623,FALSE
34,p002,SS,1,NS_mean_RTdiff,8,FALSE
34,p002,SS,1,SB_accuracy,60,FALSE
34,p002,SS,1,SL_accuracy,NaN,NA
34,p002,SS,1,SR_accuracy,NaN,NA
34,p003,mixed,1,IG_accuracy,60,TRUE
34,p003,mixed,1,NS_accuracy,97,FALSE
34,p003,mixed,1,NS_mean_RT,624,FALSE
34,p003,mixed,1,NS_mean_RTdiff,11,FALSE
34,p003,mixed,1,SB_accuracy,70,FALSE
34,p003,mixed,1,SL_accuracy,50,FALSE
34,p003,mixed,1,SR_accuracy,50,FALSE
34,p003,mixed,2,IG_accuracy,50,TRUE
34,p003,mixed,2,NS_accuracy,97,FALSE
34,p003,mixed,2,NS_mean_RT,592,FALSE
34,p003,mixed,2,NS_mean_RTdiff,15,FALSE
34,p003,mixed,2,SB_accuracy,80,FALSE
34,p003,mixed,2,SL_accuracy,50,FALSE
34,p003,mixed,2,SR_accuracy,40,FALSE
34,p003,mixed,3,IG_accuracy,70,TRUE
34,p003,mixed,3,NS_accuracy,90,FALSE
34,p003,mixed,3,NS_mean_RT,633,FALSE
34,p003,mixed,3,NS_mean_RTdiff,16,FALSE
34,p003,mixed,3,SB_accuracy,60,FALSE
34,p003,mixed,3,SL_accuracy,80,FALSE
34,p003,mixed,3,SR_accuracy,40,FALSE
34,p003,mixed,4,IG_accuracy,80,FALSE
34,p003,mixed,4,NS_accuracy,97,FALSE
34,p003,mixed,4,NS_mean_RT,563,FALSE
34,p003,mixed,4,NS_mean_RTdiff,24,FALSE
34,p003,mixed,4,SB_accuracy,70,FALSE
34,p003,mixed,4,SL_accuracy,60,FALSE
34,p003,mixed,4,SR_accuracy,50,FALSE
35,p000,NS,1,IG_accuracy,NaN,NA
35,p000,NS,1,NS_accuracy,96,FALSE
35,p000,NS,1,NS_mean_RT,505,FALSE
35,p000,NS,1,NS_mean_RTdiff,10,FALSE
35,p000,NS,1,SB_accuracy,NaN,NA
35,p000,NS,1,SL_accuracy,NaN,NA
35,p000,NS,1,SR_accuracy,NaN,NA
35,p001,SS,1,IG_accuracy,85,FALSE
35,p001,SS,1,NS_accuracy,97,FALSE
35,p001,SS,1,NS_mean_RT,618,FALSE
35,p001,SS,1,NS_mean_RTdiff,10,FALSE
35,p001,SS,1,SB_accuracy,60,FALSE
35,p001,SS,1,SL_accuracy,NaN,NA
35,p001,SS,1,SR_accuracy,NaN,NA
35,p002,AS,1,IG_accuracy,NaN,NA
35,p002,AS,1,NS_accuracy,93,FALSE
35,p002,AS,1,NS_mean_RT,684,TRUE
35,p002,AS,1,NS_mean_RTdiff,13,FALSE
35,p002,AS,1,SB_accuracy,NaN,NA
35,p002,AS,1,SL_accuracy,40,FALSE
35,p002,AS,1,SR_accuracy,35,FALSE
35,p002,AS,2,IG_accuracy,NaN,NA
35,p002,AS,2,NS_accuracy,93,FALSE
35,p002,AS,2,NS_mean_RT,627,FALSE
35,p002,AS,2,NS_mean_RTdiff,17,FALSE
35,p002,AS,2,SB_accuracy,NaN,NA
35,p002,AS,2,SL_accuracy,75,FALSE
35,p002,AS,2,SR_accuracy,60,FALSE
35,p003,mixed,1,IG_accuracy,80,FALSE
35,p003,mixed,1,NS_accuracy,100,FALSE
35,p003,mixed,1,NS_mean_RT,631,FALSE
35,p003,mixed,1,NS_mean_RTdiff,10,FALSE
35,p003,mixed,1,SB_accuracy,80,FALSE
35,p003,mixed,1,SL_accuracy,70,FALSE
35,p003,mixed,1,SR_accuracy,70,FALSE
